Index,Date,Closing Price
Dow Jones,2020-01-02,"28,868.80"
Dow Jones,2020-01-03,"28,634.88"
Dow Jones,2020-01-06,"28,703.38"
Dow Jones,2020-01-07,"28,583.68"
Dow Jones,2020-01-08,"28,745.09"
Dow Jones,2020-01-09,"28,956.90"
Dow Jones,2020-01-10,"28,823.77"
Dow Jones,2020-01-13,"28,907.05"
Dow Jones,2020-01-14,"28,939.67"
Dow Jones,2020-01-15,"29,030.22"
Dow Jones,2020-01-16,"29,297.64"
Dow Jones,2020-01-17,"29,348.10"
Dow Jones,2020-01-21,"29,196.04"
Dow Jones,2020-01-22,"29,186.27"
Dow Jones,2020-01-23,"29,160.09"
Dow Jones,2020-01-24,"28,989.73"
Dow Jones,2020-01-27,"28,535.80"
Dow Jones,2020-01-28,"28,722.85"
Dow Jones,2020-01-29,"28,734.45"
Dow Jones,2020-01-30,"28,859.44"
Dow Jones,2020-01-31,"28,256.03"
Dow Jones,2020-02-03,"28,399.81"
Dow Jones,2020-02-04,"28,807.63"
Dow Jones,2020-02-05,"29,290.85"
Dow Jones,2020-02-06,"29,379.77"
Dow Jones,2020-02-07,"29,102.51"
Dow Jones,2020-02-10,"29,276.82"
Dow Jones,2020-02-11,"29,276.34"
Dow Jones,2020-02-12,"29,551.42"
Dow Jones,2020-02-13,"29,423.31"
Dow Jones,2020-02-14,"29,398.08"
Dow Jones,2020-02-18,"29,232.19"
Dow Jones,2020-02-19,"29,348.03"
Dow Jones,2020-02-20,"29,219.98"
Dow Jones,2020-02-21,"28,992.41"
Dow Jones,2020-02-24,"27,960.80"
Dow Jones,2020-02-25,"27,081.36"
Dow Jones,2020-02-26,"26,957.59"
Dow Jones,2020-02-27,"25,766.64"
Dow Jones,2020-02-28,"25,409.36"
Dow Jones,2020-03-02,"26,703.32"
Dow Jones,2020-03-03,"25,917.41"
Dow Jones,2020-03-04,"27,090.86"
Dow Jones,2020-03-05,"26,121.28"
Dow Jones,2020-03-06,"25,864.78"
Dow Jones,2020-03-09,"23,851.02"
Dow Jones,2020-03-10,"25,018.16"
Dow Jones,2020-03-11,"23,553.22"
Dow Jones,2020-03-12,"21,200.62"
Dow Jones,2020-03-13,"23,185.62"
Dow Jones,2020-03-16,"20,188.52"
Dow Jones,2020-03-17,"21,237.38"
Dow Jones,2020-03-18,"19,898.92"
Dow Jones,2020-03-19,"20,087.19"
Dow Jones,2020-03-20,"19,173.98"
Dow Jones,2020-03-23,"18,591.93"
Dow Jones,2020-03-24,"20,704.91"
Dow Jones,2020-03-25,"21,200.55"
Dow Jones,2020-03-26,"22,552.17"
Dow Jones,2020-03-27,"21,636.78"
Dow Jones,2020-03-30,"22,327.48"
Dow Jones,2020-03-31,"21,917.16"
Dow Jones,2020-04-01,"20,943.51"
Dow Jones,2020-04-02,"21,413.44"
Dow Jones,2020-04-03,"21,052.53"
Dow Jones,2020-04-06,"22,679.99"
Dow Jones,2020-04-07,"22,653.86"
Dow Jones,2020-04-08,"23,433.57"
Dow Jones,2020-04-09,"23,719.37"
Dow Jones,2020-04-13,"23,390.77"
Dow Jones,2020-04-14,"23,949.76"
Dow Jones,2020-04-15,"23,504.35"
Dow Jones,2020-04-16,"23,537.68"
Dow Jones,2020-04-17,"24,242.49"
Dow Jones,2020-04-20,"23,650.44"
Dow Jones,2020-04-21,"23,018.88"
Dow Jones,2020-04-22,"23,475.82"
Dow Jones,2020-04-23,"23,515.26"
Dow Jones,2020-04-24,"23,775.27"
Dow Jones,2020-04-27,"24,133.78"
Dow Jones,2020-04-28,"24,101.55"
Dow Jones,2020-04-29,"24,633.86"
Dow Jones,2020-04-30,"24,345.72"
Dow Jones,2020-05-01,"23,723.69"
Dow Jones,2020-05-04,"23,749.76"
Dow Jones,2020-05-05,"23,883.09"
Dow Jones,2020-05-06,"23,664.64"
Dow Jones,2020-05-07,"23,875.89"
Dow Jones,2020-05-08,"24,331.32"
Dow Jones,2020-05-11,"24,221.99"
Dow Jones,2020-05-12,"23,764.78"
Dow Jones,2020-05-13,"23,247.97"
Dow Jones,2020-05-14,"23,625.34"
Dow Jones,2020-05-15,"23,685.42"
Dow Jones,2020-05-18,"24,597.37"
Dow Jones,2020-05-19,"24,206.86"
Dow Jones,2020-05-20,"24,575.90"
Dow Jones,2020-05-21,"24,474.12"
Dow Jones,2020-05-22,"24,465.16"
Dow Jones,2020-05-26,"24,995.11"
Dow Jones,2020-05-27,"25,548.27"
Dow Jones,2020-05-28,"25,400.64"
Dow Jones,2020-05-29,"25,383.11"
Dow Jones,2020-06-01,"25,475.02"
Dow Jones,2020-06-02,"25,742.65"
Dow Jones,2020-06-03,"26,269.89"
Dow Jones,2020-06-04,"26,281.82"
Dow Jones,2020-06-05,"27,110.98"
NASDAQ 100,2020-01-02,"8,872.22"
NASDAQ 100,2020-01-03,"8,793.90"
NASDAQ 100,2020-01-06,"8,848.52"
NASDAQ 100,2020-01-07,"8,846.45"
NASDAQ 100,2020-01-08,"8,912.37"
NASDAQ 100,2020-01-09,"8,989.63"
NASDAQ 100,2020-01-10,"8,966.64"
NASDAQ 100,2020-01-13,"9,070.65"
NASDAQ 100,2020-01-14,"9,033.42"
NASDAQ 100,2020-01-15,"9,035.67"
NASDAQ 100,2020-01-16,"9,125.00"
NASDAQ 100,2020-01-17,"9,173.73"
NASDAQ 100,2020-01-21,"9,166.63"
NASDAQ 100,2020-01-22,"9,188.57"
NASDAQ 100,2020-01-23,"9,216.98"
NASDAQ 100,2020-01-24,"9,141.47"
NASDAQ 100,2020-01-27,"8,952.18"
NASDAQ 100,2020-01-28,"9,090.93"
NASDAQ 100,2020-01-29,"9,101.61"
NASDAQ 100,2020-01-30,"9,136.09"
NASDAQ 100,2020-01-31,"8,991.51"
NASDAQ 100,2020-02-03,"9,126.23"
NASDAQ 100,2020-02-04,"9,334.06"
NASDAQ 100,2020-02-05,"9,367.48"
NASDAQ 100,2020-02-06,"9,445.92"
NASDAQ 100,2020-02-07,"9,401.10"
NASDAQ 100,2020-02-10,"9,516.84"
NASDAQ 100,2020-02-11,"9,517.86"
NASDAQ 100,2020-02-12,"9,613.20"
NASDAQ 100,2020-02-13,"9,595.70"
NASDAQ 100,2020-02-14,"9,623.58"
NASDAQ 100,2020-02-18,"9,629.80"
NASDAQ 100,2020-02-19,"9,718.73"
NASDAQ 100,2020-02-20,"9,627.83"
NASDAQ 100,2020-02-21,"9,446.69"
NASDAQ 100,2020-02-24,"9,079.63"
NASDAQ 100,2020-02-25,"8,834.87"
NASDAQ 100,2020-02-26,"8,873.76"
NASDAQ 100,2020-02-27,"8,436.67"
NASDAQ 100,2020-02-28,"8,461.83"
NASDAQ 100,2020-03-02,"8,877.98"
NASDAQ 100,2020-03-03,"8,594.49"
NASDAQ 100,2020-03-04,"8,949.28"
NASDAQ 100,2020-03-05,"8,671.66"
NASDAQ 100,2020-03-06,"8,530.34"
NASDAQ 100,2020-03-09,"7,948.03"
NASDAQ 100,2020-03-10,"8,372.27"
NASDAQ 100,2020-03-11,"8,006.12"
NASDAQ 100,2020-03-12,"7,263.65"
NASDAQ 100,2020-03-13,"7,995.26"
NASDAQ 100,2020-03-16,"7,020.38"
NASDAQ 100,2020-03-17,"7,473.95"
NASDAQ 100,2020-03-18,"7,175.18"
NASDAQ 100,2020-03-19,"7,288.52"
NASDAQ 100,2020-03-20,"6,994.29"
NASDAQ 100,2020-03-23,"7,006.92"
NASDAQ 100,2020-03-24,"7,553.82"
NASDAQ 100,2020-03-25,"7,469.62"
NASDAQ 100,2020-03-26,"7,897.13"
NASDAQ 100,2020-03-27,"7,588.37"
NASDAQ 100,2020-03-30,"7,889.01"
NASDAQ 100,2020-03-31,"7,813.50"
NASDAQ 100,2020-04-01,"7,486.29"
NASDAQ 100,2020-04-02,"7,635.66"
NASDAQ 100,2020-04-03,"7,528.11"
NASDAQ 100,2020-04-06,"8,081.66"
NASDAQ 100,2020-04-07,"8,049.31"
NASDAQ 100,2020-04-08,"8,229.54"
NASDAQ 100,2020-04-09,"8,238.53"
NASDAQ 100,2020-04-13,"8,332.74"
NASDAQ 100,2020-04-14,"8,692.16"
NASDAQ 100,2020-04-15,"8,591.96"
NASDAQ 100,2020-04-16,"8,757.83"
NASDAQ 100,2020-04-17,"8,832.41"
NASDAQ 100,2020-04-20,"8,726.51"
NASDAQ 100,2020-04-21,"8,403.00"
NASDAQ 100,2020-04-22,"8,664.63"
NASDAQ 100,2020-04-23,"8,641.50"
NASDAQ 100,2020-04-24,"8,786.60"
NASDAQ 100,2020-04-27,"8,837.66"
NASDAQ 100,2020-04-28,"8,677.60"
NASDAQ 100,2020-04-29,"8,982.76"
NASDAQ 100,2020-04-30,"9,000.51"
NASDAQ 100,2020-05-01,"8,718.18"
NASDAQ 100,2020-05-04,"8,834.11"
NASDAQ 100,2020-05-05,"8,930.62"
NASDAQ 100,2020-05-06,"8,984.86"
NASDAQ 100,2020-05-07,"9,101.88"
NASDAQ 100,2020-05-08,"9,220.35"
NASDAQ 100,2020-05-11,"9,298.92"
NASDAQ 100,2020-05-12,"9,112.45"
NASDAQ 100,2020-05-13,"9,000.08"
NASDAQ 100,2020-05-14,"9,094.43"
NASDAQ 100,2020-05-15,"9,152.64"
NASDAQ 100,2020-05-18,"9,331.93"
NASDAQ 100,2020-05-19,"9,298.54"
NASDAQ 100,2020-05-20,"9,485.02"
NASDAQ 100,2020-05-21,"9,377.99"
NASDAQ 100,2020-05-22,"9,413.99"
NASDAQ 100,2020-05-26,"9,389.98"
NASDAQ 100,2020-05-27,"9,442.05"
NASDAQ 100,2020-05-28,"9,416.71"
NASDAQ 100,2020-05-29,"9,555.52"
NASDAQ 100,2020-06-01,"9,598.89"
NASDAQ 100,2020-06-02,"9,657.31"
NASDAQ 100,2020-06-03,"9,704.69"
NASDAQ 100,2020-06-04,"9,629.66"
NASDAQ 100,2020-06-05,"9,824.39"
NASDAQ Composite,2020-01-02,"9,092.19"
NASDAQ Composite,2020-01-03,"9,020.77"
NASDAQ Composite,2020-01-06,"9,071.46"
NASDAQ Composite,2020-01-07,"9,068.58"
NASDAQ Composite,2020-01-08,"9,129.24"
NASDAQ Composite,2020-01-09,"9,203.43"
NASDAQ Composite,2020-01-10,"9,178.86"
NASDAQ Composite,2020-01-13,"9,273.93"
NASDAQ Composite,2020-01-14,"9,251.33"
NASDAQ Composite,2020-01-15,"9,258.70"
NASDAQ Composite,2020-01-16,"9,357.13"
NASDAQ Composite,2020-01-17,"9,388.94"
NASDAQ Composite,2020-01-21,"9,370.81"
NASDAQ Composite,2020-01-22,"9,383.77"
NASDAQ Composite,2020-01-23,"9,402.48"
NASDAQ Composite,2020-01-24,"9,314.91"
NASDAQ Composite,2020-01-27,"9,139.31"
NASDAQ Composite,2020-01-28,"9,269.68"
NASDAQ Composite,2020-01-29,"9,275.16"
NASDAQ Composite,2020-01-30,"9,298.93"
NASDAQ Composite,2020-01-31,"9,150.94"
NASDAQ Composite,2020-02-03,"9,273.40"
NASDAQ Composite,2020-02-04,"9,467.97"
NASDAQ Composite,2020-02-05,"9,508.68"
NASDAQ Composite,2020-02-06,"9,572.15"
NASDAQ Composite,2020-02-07,"9,520.51"
NASDAQ Composite,2020-02-10,"9,628.39"
NASDAQ Composite,2020-02-11,"9,638.94"
NASDAQ Composite,2020-02-12,"9,725.96"
NASDAQ Composite,2020-02-13,"9,711.97"
NASDAQ Composite,2020-02-14,"9,731.18"
NASDAQ Composite,2020-02-18,"9,732.74"
NASDAQ Composite,2020-02-19,"9,817.18"
NASDAQ Composite,2020-02-20,"9,750.96"
NASDAQ Composite,2020-02-21,"9,576.59"
NASDAQ Composite,2020-02-24,"9,221.28"
NASDAQ Composite,2020-02-25,"8,965.61"
NASDAQ Composite,2020-02-26,"8,980.77"
NASDAQ Composite,2020-02-27,"8,566.48"
NASDAQ Composite,2020-02-28,"8,567.37"
NASDAQ Composite,2020-03-02,"8,952.16"
NASDAQ Composite,2020-03-03,"8,684.09"
NASDAQ Composite,2020-03-04,"9,018.09"
NASDAQ Composite,2020-03-05,"8,738.60"
NASDAQ Composite,2020-03-06,"8,575.62"
NASDAQ Composite,2020-03-09,"7,950.68"
NASDAQ Composite,2020-03-10,"8,344.25"
NASDAQ Composite,2020-03-11,"7,952.05"
NASDAQ Composite,2020-03-12,"7,201.80"
NASDAQ Composite,2020-03-13,"7,874.88"
NASDAQ Composite,2020-03-16,"6,904.59"
NASDAQ Composite,2020-03-17,"7,334.78"
NASDAQ Composite,2020-03-18,"6,989.84"
NASDAQ Composite,2020-03-19,"7,150.58"
NASDAQ Composite,2020-03-20,"6,879.52"
NASDAQ Composite,2020-03-23,"6,860.67"
NASDAQ Composite,2020-03-24,"7,417.86"
NASDAQ Composite,2020-03-25,"7,384.30"
NASDAQ Composite,2020-03-26,"7,797.54"
NASDAQ Composite,2020-03-27,"7,502.38"
NASDAQ Composite,2020-03-30,"7,774.15"
NASDAQ Composite,2020-03-31,"7,700.10"
NASDAQ Composite,2020-04-01,"7,360.58"
NASDAQ Composite,2020-04-02,"7,487.31"
NASDAQ Composite,2020-04-03,"7,373.08"
NASDAQ Composite,2020-04-06,"7,913.24"
NASDAQ Composite,2020-04-07,"7,887.26"
NASDAQ Composite,2020-04-08,"8,090.90"
NASDAQ Composite,2020-04-09,"8,153.58"
NASDAQ Composite,2020-04-13,"8,192.42"
NASDAQ Composite,2020-04-14,"8,515.74"
NASDAQ Composite,2020-04-15,"8,393.18"
NASDAQ Composite,2020-04-16,"8,532.36"
NASDAQ Composite,2020-04-17,"8,650.14"
NASDAQ Composite,2020-04-20,"8,560.73"
NASDAQ Composite,2020-04-21,"8,263.23"
NASDAQ Composite,2020-04-22,"8,495.38"
NASDAQ Composite,2020-04-23,"8,494.75"
NASDAQ Composite,2020-04-24,"8,634.52"
NASDAQ Composite,2020-04-27,"8,730.16"
NASDAQ Composite,2020-04-28,"8,607.73"
NASDAQ Composite,2020-04-29,"8,914.71"
NASDAQ Composite,2020-04-30,"8,889.55"
NASDAQ Composite,2020-05-01,"8,604.95"
NASDAQ Composite,2020-05-04,"8,710.71"
NASDAQ Composite,2020-05-05,"8,809.12"
NASDAQ Composite,2020-05-06,"8,854.39"
NASDAQ Composite,2020-05-07,"8,979.66"
NASDAQ Composite,2020-05-08,"9,121.32"
NASDAQ Composite,2020-05-11,"9,192.34"
NASDAQ Composite,2020-05-12,"9,002.55"
NASDAQ Composite,2020-05-13,"8,863.17"
NASDAQ Composite,2020-05-14,"8,943.72"
NASDAQ Composite,2020-05-15,"9,014.56"
NASDAQ Composite,2020-05-18,"9,234.83"
NASDAQ Composite,2020-05-19,"9,185.10"
NASDAQ Composite,2020-05-20,"9,375.78"
NASDAQ Composite,2020-05-21,"9,284.88"
NASDAQ Composite,2020-05-22,"9,324.59"
NASDAQ Composite,2020-05-26,"9,340.22"
NASDAQ Composite,2020-05-27,"9,412.36"
NASDAQ Composite,2020-05-28,"9,368.99"
NASDAQ Composite,2020-05-29,"9,489.87"
NASDAQ Composite,2020-06-01,"9,552.05"
NASDAQ Composite,2020-06-02,"9,608.37"
NASDAQ Composite,2020-06-03,"9,682.91"
NASDAQ Composite,2020-06-04,"9,615.81"
NASDAQ Composite,2020-06-05,"9,814.08"
S&P 500,2020-01-02,"3,257.85"
S&P 500,2020-01-03,"3,234.85"
S&P 500,2020-01-06,"3,246.28"
S&P 500,2020-01-07,"3,237.18"
S&P 500,2020-01-08,"3,253.05"
S&P 500,2020-01-09,"3,274.70"
S&P 500,2020-01-10,"3,265.35"
S&P 500,2020-01-13,"3,288.13"
S&P 500,2020-01-14,"3,283.15"
S&P 500,2020-01-15,"3,289.29"
S&P 500,2020-01-16,"3,316.81"
S&P 500,2020-01-17,"3,329.62"
S&P 500,2020-01-21,"3,320.79"
S&P 500,2020-01-22,"3,321.75"
S&P 500,2020-01-23,"3,325.54"
S&P 500,2020-01-24,"3,295.47"
S&P 500,2020-01-27,"3,243.63"
S&P 500,2020-01-28,"3,276.24"
S&P 500,2020-01-29,"3,273.40"
S&P 500,2020-01-30,"3,283.66"
S&P 500,2020-01-31,"3,225.52"
S&P 500,2020-02-03,"3,248.92"
S&P 500,2020-02-04,"3,297.59"
S&P 500,2020-02-05,"3,334.69"
S&P 500,2020-02-06,"3,345.78"
S&P 500,2020-02-07,"3,327.71"
S&P 500,2020-02-10,"3,352.09"
S&P 500,2020-02-11,"3,357.75"
S&P 500,2020-02-12,"3,379.45"
S&P 500,2020-02-13,"3,373.94"
S&P 500,2020-02-14,"3,380.16"
S&P 500,2020-02-18,"3,370.29"
S&P 500,2020-02-19,"3,386.15"
S&P 500,2020-02-20,"3,373.23"
S&P 500,2020-02-21,"3,337.75"
S&P 500,2020-02-24,"3,225.89"
S&P 500,2020-02-25,"3,128.21"
S&P 500,2020-02-26,"3,116.39"
S&P 500,2020-02-27,"2,978.76"
S&P 500,2020-02-28,"2,954.22"
S&P 500,2020-03-02,"3,090.23"
S&P 500,2020-03-03,"3,003.37"
S&P 500,2020-03-04,"3,130.12"
S&P 500,2020-03-05,"3,023.94"
S&P 500,2020-03-06,"2,972.37"
S&P 500,2020-03-09,"2,746.56"
S&P 500,2020-03-10,"2,882.23"
S&P 500,2020-03-11,"2,741.38"
S&P 500,2020-03-12,"2,480.64"
S&P 500,2020-03-13,"2,711.02"
S&P 500,2020-03-16,"2,386.13"
S&P 500,2020-03-17,"2,529.19"
S&P 500,2020-03-18,"2,398.10"
S&P 500,2020-03-19,"2,409.39"
S&P 500,2020-03-20,"2,304.92"
S&P 500,2020-03-23,"2,237.40"
S&P 500,2020-03-24,"2,447.33"
S&P 500,2020-03-25,"2,475.56"
S&P 500,2020-03-26,"2,630.07"
S&P 500,2020-03-27,"2,541.47"
S&P 500,2020-03-30,"2,626.65"
S&P 500,2020-03-31,"2,584.59"
S&P 500,2020-04-01,"2,470.50"
S&P 500,2020-04-02,"2,526.90"
S&P 500,2020-04-03,"2,488.65"
S&P 500,2020-04-06,"2,663.68"
S&P 500,2020-04-07,"2,659.41"
S&P 500,2020-04-08,"2,749.98"
S&P 500,2020-04-09,"2,789.82"
S&P 500,2020-04-13,"2,761.63"
S&P 500,2020-04-14,"2,846.06"
S&P 500,2020-04-15,"2,783.36"
S&P 500,2020-04-16,"2,799.55"
S&P 500,2020-04-17,"2,874.56"
S&P 500,2020-04-20,"2,823.16"
S&P 500,2020-04-21,"2,736.56"
S&P 500,2020-04-22,"2,799.31"
S&P 500,2020-04-23,"2,797.80"
S&P 500,2020-04-24,"2,836.74"
S&P 500,2020-04-27,"2,878.48"
S&P 500,2020-04-28,"2,863.39"
S&P 500,2020-04-29,"2,939.51"
S&P 500,2020-04-30,"2,912.43"
S&P 500,2020-05-01,"2,830.71"
S&P 500,2020-05-04,"2,842.74"
S&P 500,2020-05-05,"2,868.44"
S&P 500,2020-05-06,"2,848.42"
S&P 500,2020-05-07,"2,881.19"
S&P 500,2020-05-08,"2,929.80"
S&P 500,2020-05-11,"2,930.32"
S&P 500,2020-05-12,"2,870.12"
S&P 500,2020-05-13,"2,820.00"
S&P 500,2020-05-14,"2,852.50"
S&P 500,2020-05-15,"2,863.70"
S&P 500,2020-05-18,"2,953.91"
S&P 500,2020-05-19,"2,922.94"
S&P 500,2020-05-20,"2,971.61"
S&P 500,2020-05-21,"2,948.51"
S&P 500,2020-05-22,"2,955.45"
S&P 500,2020-05-26,"2,991.77"
S&P 500,2020-05-27,"3,036.13"
S&P 500,2020-05-28,"3,029.73"
S&P 500,2020-05-29,"3,044.31"
S&P 500,2020-06-01,"3,055.73"
S&P 500,2020-06-02,"3,080.82"
S&P 500,2020-06-03,"3,122.87"
S&P 500,2020-06-04,"3,112.35"
S&P 500,2020-06-05,"3,193.93"
IPC,2020-01-02,"44,437.23"
IPC,2020-01-03,"44,624.85"
IPC,2020-01-06,"44,495.30"
IPC,2020-01-07,"44,157.81"
IPC,2020-01-08,"44,470.91"
IPC,2020-01-09,"44,572.17"
IPC,2020-01-10,"44,660.33"
IPC,2020-01-13,"44,847.47"
IPC,2020-01-14,"44,773.24"
IPC,2020-01-15,"44,453.33"
IPC,2020-01-16,"45,303.08"
IPC,2020-01-17,"45,817.76"
IPC,2020-01-20,"45,902.68"
IPC,2020-01-21,"45,637.32"
IPC,2020-01-22,"45,604.44"
IPC,2020-01-23,"45,476.43"
IPC,2020-01-24,"45,141.62"
IPC,2020-01-27,"44,134.39"
IPC,2020-01-28,"44,717.94"
IPC,2020-01-29,"45,132.60"
IPC,2020-01-30,"44,862.76"
IPC,2020-01-31,"44,108.31"
IPC,2020-02-04,"45,047.07"
IPC,2020-02-05,"44,782.86"
IPC,2020-02-06,"44,493.15"
IPC,2020-02-07,"44,399.33"
IPC,2020-02-10,"44,290.53"
IPC,2020-02-11,"45,027.41"
IPC,2020-02-12,"45,338.37"
IPC,2020-02-13,"45,005.12"
IPC,2020-02-14,"44,999.68"
IPC,2020-02-17,"45,016.96"
IPC,2020-02-18,"44,974.11"
IPC,2020-02-19,"44,901.50"
IPC,2020-02-20,"44,774.54"
IPC,2020-02-21,"44,802.54"
IPC,2020-02-24,"43,818.07"
IPC,2020-02-25,"43,045.68"
IPC,2020-02-26,"42,737.28"
IPC,2020-02-27,"41,607.42"
IPC,2020-02-28,"41,324.31"
IPC,2020-03-02,"42,167.24"
IPC,2020-03-03,"42,472.25"
IPC,2020-03-04,"43,404.76"
IPC,2020-03-05,"42,344.86"
IPC,2020-03-06,"41,388.78"
IPC,2020-03-09,"38,730.56"
IPC,2020-03-10,"39,565.44"
IPC,2020-03-11,"38,678.55"
IPC,2020-03-12,"36,636.70"
IPC,2020-03-13,"38,085.05"
IPC,2020-03-17,"36,862.84"
IPC,2020-03-18,"35,532.74"
IPC,2020-03-19,"35,143.63"
IPC,2020-03-20,"34,269.51"
IPC,2020-03-23,"32,964.22"
IPC,2020-03-24,"34,371.53"
IPC,2020-03-25,"35,536.70"
IPC,2020-03-26,"35,706.57"
IPC,2020-03-27,"33,799.49"
IPC,2020-03-30,"34,199.97"
IPC,2020-03-31,"34,554.53"
IPC,2020-04-01,"33,691.88"
IPC,2020-04-02,"33,590.62"
IPC,2020-04-03,"33,075.41"
IPC,2020-04-06,"34,381.56"
IPC,2020-04-07,"34,526.31"
IPC,2020-04-08,"34,567.78"
IPC,2020-04-13,"34,613.67"
IPC,2020-04-14,"34,746.39"
IPC,2020-04-15,"33,855.24"
IPC,2020-04-16,"33,759.75"
IPC,2020-04-17,"34,743.10"
IPC,2020-04-20,"34,477.06"
IPC,2020-04-21,"33,892.28"
IPC,2020-04-22,"34,223.85"
IPC,2020-04-23,"34,240.60"
IPC,2020-04-24,"34,586.82"
IPC,2020-04-27,"34,968.09"
IPC,2020-04-28,"35,830.81"
IPC,2020-04-29,"36,870.09"
IPC,2020-04-30,"36,470.11"
IPC,2020-05-04,"36,370.43"
IPC,2020-05-05,"36,616.06"
IPC,2020-05-06,"36,986.20"
IPC,2020-05-07,"36,792.41"
IPC,2020-05-08,"37,623.68"
IPC,2020-05-11,"37,631.89"
IPC,2020-05-12,"37,462.89"
IPC,2020-05-13,"36,394.59"
IPC,2020-05-14,"36,094.14"
IPC,2020-05-15,"35,691.39"
IPC,2020-05-18,"37,112.46"
IPC,2020-05-19,"35,862.04"
IPC,2020-05-20,"36,026.98"
IPC,2020-05-21,"35,560.76"
IPC,2020-05-22,"35,784.42"
IPC,2020-05-25,"35,832.77"
IPC,2020-05-26,"36,206.86"
IPC,2020-05-27,"36,889.96"
IPC,2020-05-28,"36,508.14"
IPC,2020-05-29,"36,122.73"
IPC,2020-06-01,"36,980.85"
IPC,2020-06-02,"37,460.44"
IPC,2020-06-03,"38,290.77"
IPC,2020-06-04,"37,872.89"
S&P/TSX,2020-01-02,"17,099.95"
S&P/TSX,2020-01-03,"17,066.12"
S&P/TSX,2020-01-06,"17,105.47"
S&P/TSX,2020-01-07,"17,168.06"
S&P/TSX,2020-01-08,"17,167.82"
S&P/TSX,2020-01-09,"17,235.57"
S&P/TSX,2020-01-10,"17,234.49"
S&P/TSX,2020-01-13,"17,293.42"
S&P/TSX,2020-01-14,"17,352.90"
S&P/TSX,2020-01-15,"17,415.17"
S&P/TSX,2020-01-16,"17,484.77"
S&P/TSX,2020-01-17,"17,559.02"
S&P/TSX,2020-01-20,"17,597.39"
S&P/TSX,2020-01-21,"17,572.28"
S&P/TSX,2020-01-22,"17,599.86"
S&P/TSX,2020-01-23,"17,621.78"
S&P/TSX,2020-01-24,"17,565.34"
S&P/TSX,2020-01-27,"17,442.52"
S&P/TSX,2020-01-28,"17,500.88"
S&P/TSX,2020-01-29,"17,511.75"
S&P/TSX,2020-01-30,"17,490.56"
S&P/TSX,2020-01-31,"17,318.49"
S&P/TSX,2020-02-03,"17,379.76"
S&P/TSX,2020-02-04,"17,512.73"
S&P/TSX,2020-02-05,"17,651.59"
S&P/TSX,2020-02-06,"17,757.49"
S&P/TSX,2020-02-07,"17,655.49"
S&P/TSX,2020-02-10,"17,740.57"
S&P/TSX,2020-02-11,"17,777.11"
S&P/TSX,2020-02-12,"17,832.85"
S&P/TSX,2020-02-13,"17,821.17"
S&P/TSX,2020-02-14,"17,848.36"
S&P/TSX,2020-02-18,"17,831.67"
S&P/TSX,2020-02-19,"17,896.62"
S&P/TSX,2020-02-20,"17,895.63"
S&P/TSX,2020-02-21,"17,816.98"
S&P/TSX,2020-02-24,"17,534.50"
S&P/TSX,2020-02-25,"17,146.41"
S&P/TSX,2020-02-26,"17,014.77"
S&P/TSX,2020-02-27,"16,698.29"
S&P/TSX,2020-02-28,"16,217.77"
S&P/TSX,2020-03-02,"16,515.03"
S&P/TSX,2020-03-03,"16,383.01"
S&P/TSX,2020-03-04,"16,745.24"
S&P/TSX,2020-03-05,"16,515.59"
S&P/TSX,2020-03-06,"16,141.49"
S&P/TSX,2020-03-09,"14,514.24"
S&P/TSX,2020-03-10,"14,958.09"
S&P/TSX,2020-03-11,"14,270.09"
S&P/TSX,2020-03-12,"12,508.45"
S&P/TSX,2020-03-13,"13,716.33"
S&P/TSX,2020-03-16,"12,360.40"
S&P/TSX,2020-03-17,"12,685.21"
S&P/TSX,2020-03-18,"11,721.42"
S&P/TSX,2020-03-19,"12,170.52"
S&P/TSX,2020-03-20,"11,851.81"
S&P/TSX,2020-03-23,"11,228.49"
S&P/TSX,2020-03-24,"12,571.08"
S&P/TSX,2020-03-25,"13,139.23"
S&P/TSX,2020-03-26,"13,371.17"
S&P/TSX,2020-03-27,"12,687.74"
S&P/TSX,2020-03-30,"13,038.50"
S&P/TSX,2020-03-31,"13,378.75"
S&P/TSX,2020-04-01,"12,876.37"
S&P/TSX,2020-04-02,"13,097.84"
S&P/TSX,2020-04-03,"12,938.30"
S&P/TSX,2020-04-06,"13,592.70"
S&P/TSX,2020-04-07,"13,614.14"
S&P/TSX,2020-04-08,"13,925.71"
S&P/TSX,2020-04-09,"14,166.63"
S&P/TSX,2020-04-13,"14,075.94"
S&P/TSX,2020-04-14,"14,258.43"
S&P/TSX,2020-04-15,"13,958.58"
S&P/TSX,2020-04-16,"13,899.32"
S&P/TSX,2020-04-17,"14,359.88"
S&P/TSX,2020-04-20,"14,388.28"
S&P/TSX,2020-04-21,"13,940.06"
S&P/TSX,2020-04-22,"14,288.16"
S&P/TSX,2020-04-23,"14,251.09"
S&P/TSX,2020-04-24,"14,420.36"
S&P/TSX,2020-04-27,"14,642.11"
S&P/TSX,2020-04-28,"14,798.29"
S&P/TSX,2020-04-29,"15,228.11"
S&P/TSX,2020-04-30,"14,780.74"
S&P/TSX,2020-05-01,"14,620.34"
S&P/TSX,2020-05-04,"14,745.04"
S&P/TSX,2020-05-05,"14,811.56"
S&P/TSX,2020-05-06,"14,830.74"
S&P/TSX,2020-05-07,"14,833.69"
S&P/TSX,2020-05-08,"14,966.56"
S&P/TSX,2020-05-11,"15,103.22"
S&P/TSX,2020-05-12,"14,881.16"
S&P/TSX,2020-05-13,"14,503.21"
S&P/TSX,2020-05-14,"14,509.66"
S&P/TSX,2020-05-15,"14,638.90"
S&P/TSX,2020-05-19,"14,885.48"
S&P/TSX,2020-05-20,"14,997.63"
S&P/TSX,2020-05-21,"14,884.85"
S&P/TSX,2020-05-22,"14,913.64"
S&P/TSX,2020-05-25,"15,075.42"
S&P/TSX,2020-05-26,"15,148.12"
S&P/TSX,2020-05-27,"15,272.03"
S&P/TSX,2020-05-28,"15,262.73"
S&P/TSX,2020-05-29,"15,192.83"
S&P/TSX,2020-06-01,"15,236.21"
S&P/TSX,2020-06-02,"15,394.36"
S&P/TSX,2020-06-03,"15,575.11"
S&P/TSX,2020-06-04,"15,527.87"
VIX,2020-01-02,12.47
VIX,2020-01-03,14.02
VIX,2020-01-06,13.85
VIX,2020-01-07,13.79
VIX,2020-01-08,13.45
VIX,2020-01-09,12.54
VIX,2020-01-10,12.56
VIX,2020-01-13,12.32
VIX,2020-01-14,12.39
VIX,2020-01-15,12.42
VIX,2020-01-16,12.32
VIX,2020-01-17,12.10
VIX,2020-01-21,12.85
VIX,2020-01-22,12.91
VIX,2020-01-23,12.98
VIX,2020-01-24,14.56
VIX,2020-01-27,18.23
VIX,2020-01-28,16.28
VIX,2020-01-29,16.39
VIX,2020-01-30,15.49
VIX,2020-01-31,18.84
VIX,2020-02-03,17.97
VIX,2020-02-04,16.05
VIX,2020-02-05,15.15
VIX,2020-02-06,14.96
VIX,2020-02-07,15.47
VIX,2020-02-10,15.04
VIX,2020-02-11,15.18
VIX,2020-02-12,13.74
VIX,2020-02-13,14.15
VIX,2020-02-14,13.68
VIX,2020-02-18,14.83
VIX,2020-02-19,14.38
VIX,2020-02-20,15.56
VIX,2020-02-21,17.08
VIX,2020-02-24,25.03
VIX,2020-02-25,27.85
VIX,2020-02-26,27.56
VIX,2020-02-27,39.16
VIX,2020-02-28,40.11
VIX,2020-03-02,33.42
VIX,2020-03-03,36.82
VIX,2020-03-04,31.99
VIX,2020-03-05,39.62
VIX,2020-03-06,41.94
VIX,2020-03-09,54.46
VIX,2020-03-10,47.30
VIX,2020-03-11,53.90
VIX,2020-03-12,75.47
VIX,2020-03-13,57.83
VIX,2020-03-16,82.69
VIX,2020-03-17,75.91
VIX,2020-03-18,76.45
VIX,2020-03-19,72.00
VIX,2020-03-20,66.04
VIX,2020-03-23,61.59
VIX,2020-03-24,61.67
VIX,2020-03-25,63.95
VIX,2020-03-26,61.00
VIX,2020-03-27,65.54
VIX,2020-03-30,57.08
VIX,2020-03-31,53.54
VIX,2020-04-01,57.06
VIX,2020-04-02,50.91
VIX,2020-04-03,46.80
VIX,2020-04-06,45.24
VIX,2020-04-07,46.70
VIX,2020-04-08,43.35
VIX,2020-04-09,41.67
VIX,2020-04-13,41.17
VIX,2020-04-14,37.76
VIX,2020-04-15,40.84
VIX,2020-04-16,40.11
VIX,2020-04-17,38.15
VIX,2020-04-20,43.83
VIX,2020-04-21,45.41
VIX,2020-04-22,41.98
VIX,2020-04-23,41.38
VIX,2020-04-24,35.93
VIX,2020-04-27,33.29
VIX,2020-04-28,33.57
VIX,2020-04-29,31.23
VIX,2020-04-30,34.15
VIX,2020-05-01,37.19
VIX,2020-05-04,35.97
VIX,2020-05-05,33.61
VIX,2020-05-06,34.12
VIX,2020-05-07,31.44
VIX,2020-05-08,27.98
VIX,2020-05-11,27.57
VIX,2020-05-12,33.04
VIX,2020-05-13,35.28
VIX,2020-05-14,32.61
VIX,2020-05-15,31.89
VIX,2020-05-18,29.30
VIX,2020-05-19,30.53
VIX,2020-05-20,27.99
VIX,2020-05-21,29.53
VIX,2020-05-22,28.16
VIX,2020-05-26,28.01
VIX,2020-05-27,27.62
VIX,2020-05-28,28.59
VIX,2020-05-29,27.51
VIX,2020-06-01,28.23
VIX,2020-06-02,26.84
VIX,2020-06-03,25.66
VIX,2020-06-04,25.81
VIX,2020-06-05,24.52
U.S. Dollar Index,2020-01-02,96.80
U.S. Dollar Index,2020-01-03,96.90
U.S. Dollar Index,2020-01-05,96.83
U.S. Dollar Index,2020-01-06,96.62
U.S. Dollar Index,2020-01-07,96.97
U.S. Dollar Index,2020-01-08,97.31
U.S. Dollar Index,2020-01-09,97.42
U.S. Dollar Index,2020-01-10,97.35
U.S. Dollar Index,2020-01-12,97.41
U.S. Dollar Index,2020-01-13,97.38
U.S. Dollar Index,2020-01-14,97.39
U.S. Dollar Index,2020-01-15,97.21
U.S. Dollar Index,2020-01-16,97.30
U.S. Dollar Index,2020-01-17,97.64
U.S. Dollar Index,2020-01-19,97.63
U.S. Dollar Index,2020-01-20,97.61
U.S. Dollar Index,2020-01-21,97.61
U.S. Dollar Index,2020-01-22,97.50
U.S. Dollar Index,2020-01-23,97.69
U.S. Dollar Index,2020-01-24,97.88
U.S. Dollar Index,2020-01-26,97.83
U.S. Dollar Index,2020-01-27,97.94
U.S. Dollar Index,2020-01-28,97.97
U.S. Dollar Index,2020-01-29,98.06
U.S. Dollar Index,2020-01-30,97.86
U.S. Dollar Index,2020-01-31,97.36
U.S. Dollar Index,2020-02-02,97.43
U.S. Dollar Index,2020-02-03,97.81
U.S. Dollar Index,2020-02-04,97.93
U.S. Dollar Index,2020-02-05,98.26
U.S. Dollar Index,2020-02-06,98.48
U.S. Dollar Index,2020-02-07,98.70
U.S. Dollar Index,2020-02-09,98.66
U.S. Dollar Index,2020-02-10,98.86
U.S. Dollar Index,2020-02-11,98.75
U.S. Dollar Index,2020-02-12,99.02
U.S. Dollar Index,2020-02-13,99.10
U.S. Dollar Index,2020-02-14,99.16
U.S. Dollar Index,2020-02-16,99.10
U.S. Dollar Index,2020-02-17,99.15
U.S. Dollar Index,2020-02-18,99.45
U.S. Dollar Index,2020-02-19,99.59
U.S. Dollar Index,2020-02-20,99.88
U.S. Dollar Index,2020-02-21,99.34
U.S. Dollar Index,2020-02-23,99.43
U.S. Dollar Index,2020-02-24,99.29
U.S. Dollar Index,2020-02-25,99.00
U.S. Dollar Index,2020-02-26,99.15
U.S. Dollar Index,2020-02-27,98.39
U.S. Dollar Index,2020-02-28,98.13
U.S. Dollar Index,2020-03-01,97.99
U.S. Dollar Index,2020-03-02,97.51
U.S. Dollar Index,2020-03-03,97.14
U.S. Dollar Index,2020-03-04,97.37
U.S. Dollar Index,2020-03-05,96.60
U.S. Dollar Index,2020-03-06,96.09
U.S. Dollar Index,2020-03-08,95.50
U.S. Dollar Index,2020-03-09,95.07
U.S. Dollar Index,2020-03-10,96.48
U.S. Dollar Index,2020-03-11,96.60
U.S. Dollar Index,2020-03-12,97.50
U.S. Dollar Index,2020-03-13,98.69
U.S. Dollar Index,2020-03-15,97.93
U.S. Dollar Index,2020-03-16,98.00
U.S. Dollar Index,2020-03-17,99.50
U.S. Dollar Index,2020-03-18,100.91
U.S. Dollar Index,2020-03-19,102.94
U.S. Dollar Index,2020-03-20,101.95
U.S. Dollar Index,2020-03-22,102.82
U.S. Dollar Index,2020-03-23,102.47
U.S. Dollar Index,2020-03-24,101.78
U.S. Dollar Index,2020-03-25,100.95
U.S. Dollar Index,2020-03-26,99.46
U.S. Dollar Index,2020-03-27,98.31
U.S. Dollar Index,2020-03-29,98.58
U.S. Dollar Index,2020-03-30,99.04
U.S. Dollar Index,2020-03-31,98.95
U.S. Dollar Index,2020-04-01,99.48
U.S. Dollar Index,2020-04-02,100.10
U.S. Dollar Index,2020-04-03,100.68
U.S. Dollar Index,2020-04-05,100.65
U.S. Dollar Index,2020-04-06,100.79
U.S. Dollar Index,2020-04-07,99.96
U.S. Dollar Index,2020-04-08,100.16
U.S. Dollar Index,2020-04-09,99.56
U.S. Dollar Index,2020-04-12,99.49
U.S. Dollar Index,2020-04-13,99.49
U.S. Dollar Index,2020-04-14,98.86
U.S. Dollar Index,2020-04-15,99.57
U.S. Dollar Index,2020-04-16,99.93
U.S. Dollar Index,2020-04-17,99.72
U.S. Dollar Index,2020-04-19,99.81
U.S. Dollar Index,2020-04-20,99.95
U.S. Dollar Index,2020-04-21,100.21
U.S. Dollar Index,2020-04-22,100.35
U.S. Dollar Index,2020-04-23,100.48
U.S. Dollar Index,2020-04-24,100.29
U.S. Dollar Index,2020-04-26,100.27
U.S. Dollar Index,2020-04-27,100.05
U.S. Dollar Index,2020-04-28,99.96
U.S. Dollar Index,2020-04-29,99.50
U.S. Dollar Index,2020-04-30,99.04
U.S. Dollar Index,2020-05-01,98.68
U.S. Dollar Index,2020-05-03,99.25
U.S. Dollar Index,2020-05-04,99.51
U.S. Dollar Index,2020-05-05,99.81
U.S. Dollar Index,2020-05-06,100.17
U.S. Dollar Index,2020-05-07,99.84
U.S. Dollar Index,2020-05-08,99.10
U.S. Dollar Index,2020-05-10,99.83
U.S. Dollar Index,2020-05-11,100.23
U.S. Dollar Index,2020-05-12,100.01
U.S. Dollar Index,2020-05-13,100.20
U.S. Dollar Index,2020-05-14,100.26
U.S. Dollar Index,2020-05-15,100.36
U.S. Dollar Index,2020-05-17,100.38
U.S. Dollar Index,2020-05-18,99.62
U.S. Dollar Index,2020-05-19,99.58
U.S. Dollar Index,2020-05-20,99.16
U.S. Dollar Index,2020-05-21,99.42
U.S. Dollar Index,2020-05-22,99.80
U.S. Dollar Index,2020-05-24,99.77
U.S. Dollar Index,2020-05-25,99.81
U.S. Dollar Index,2020-05-26,99.01
U.S. Dollar Index,2020-05-27,98.95
U.S. Dollar Index,2020-05-28,98.47
U.S. Dollar Index,2020-05-29,98.30
U.S. Dollar Index,2020-05-31,98.23
U.S. Dollar Index,2020-06-01,97.82
U.S. Dollar Index,2020-06-02,97.68
U.S. Dollar Index,2020-06-03,97.31
U.S. Dollar Index,2020-06-04,96.76
U.S. Dollar Index,2020-06-05,96.95
DAX,2020-01-02,"13,385.93"
DAX,2020-01-03,"13,219.14"
DAX,2020-01-06,"13,126.99"
DAX,2020-01-07,"13,226.83"
DAX,2020-01-08,"13,320.18"
DAX,2020-01-09,"13,495.06"
DAX,2020-01-10,"13,483.31"
DAX,2020-01-13,"13,451.52"
DAX,2020-01-14,"13,456.49"
DAX,2020-01-15,"13,432.30"
DAX,2020-01-16,"13,429.43"
DAX,2020-01-17,"13,526.13"
DAX,2020-01-20,"13,548.94"
DAX,2020-01-21,"13,555.87"
DAX,2020-01-22,"13,515.75"
DAX,2020-01-23,"13,388.42"
DAX,2020-01-24,"13,576.68"
DAX,2020-01-27,"13,204.77"
DAX,2020-01-28,"13,323.69"
DAX,2020-01-29,"13,345.00"
DAX,2020-01-30,"13,157.12"
DAX,2020-01-31,"12,981.97"
DAX,2020-02-03,"13,045.19"
DAX,2020-02-04,"13,281.74"
DAX,2020-02-05,"13,478.33"
DAX,2020-02-06,"13,574.82"
DAX,2020-02-07,"13,513.81"
DAX,2020-02-10,"13,494.03"
DAX,2020-02-11,"13,627.84"
DAX,2020-02-12,"13,749.78"
DAX,2020-02-13,"13,745.43"
DAX,2020-02-14,"13,744.21"
DAX,2020-02-17,"13,783.89"
DAX,2020-02-18,"13,681.19"
DAX,2020-02-19,"13,789.00"
DAX,2020-02-20,"13,664.00"
DAX,2020-02-21,"13,579.33"
DAX,2020-02-24,"13,035.24"
DAX,2020-02-25,"12,790.49"
DAX,2020-02-26,"12,774.88"
DAX,2020-02-27,"12,367.46"
DAX,2020-02-28,"11,890.35"
DAX,2020-03-02,"11,857.87"
DAX,2020-03-03,"11,985.39"
DAX,2020-03-04,"12,127.69"
DAX,2020-03-05,"11,944.72"
DAX,2020-03-06,"11,541.87"
DAX,2020-03-09,"10,625.02"
DAX,2020-03-10,"10,475.49"
DAX,2020-03-11,"10,438.68"
DAX,2020-03-12,"9,161.13"
DAX,2020-03-13,"9,232.08"
DAX,2020-03-16,"8,742.25"
DAX,2020-03-17,"8,939.10"
DAX,2020-03-18,"8,441.71"
DAX,2020-03-19,"8,610.43"
DAX,2020-03-20,"8,928.95"
DAX,2020-03-23,"8,741.15"
DAX,2020-03-24,"9,700.57"
DAX,2020-03-25,"9,874.26"
DAX,2020-03-26,"10,000.96"
DAX,2020-03-27,"9,632.52"
DAX,2020-03-30,"9,815.97"
DAX,2020-03-31,"9,935.84"
DAX,2020-04-01,"9,544.75"
DAX,2020-04-02,"9,570.82"
DAX,2020-04-03,"9,525.77"
DAX,2020-04-06,"10,465.47"
DAX,2020-04-07,"10,356.70"
DAX,2020-04-08,"10,332.89"
DAX,2020-04-09,"10,564.74"
DAX,2020-04-14,"10,696.56"
DAX,2020-04-15,"10,279.76"
DAX,2020-04-16,"10,301.54"
DAX,2020-04-17,"10,625.78"
DAX,2020-04-20,"10,675.90"
DAX,2020-04-21,"10,249.85"
DAX,2020-04-22,"10,415.03"
DAX,2020-04-23,"10,513.79"
DAX,2020-04-24,"10,336.09"
DAX,2020-04-27,"10,659.99"
DAX,2020-04-28,"10,795.63"
DAX,2020-04-29,"11,107.74"
DAX,2020-04-30,"10,861.64"
DAX,2020-05-04,"10,466.80"
DAX,2020-05-05,"10,729.46"
DAX,2020-05-06,"10,606.20"
DAX,2020-05-07,"10,759.27"
DAX,2020-05-08,"10,904.48"
DAX,2020-05-11,"10,824.99"
DAX,2020-05-12,"10,819.50"
DAX,2020-05-13,"10,542.66"
DAX,2020-05-14,"10,337.02"
DAX,2020-05-15,"10,465.17"
DAX,2020-05-18,"11,058.87"
DAX,2020-05-19,"11,075.29"
DAX,2020-05-20,"11,223.71"
DAX,2020-05-21,"11,065.93"
DAX,2020-05-22,"11,073.87"
DAX,2020-05-25,"11,391.28"
DAX,2020-05-26,"11,504.65"
DAX,2020-05-27,"11,657.69"
DAX,2020-05-28,"11,781.13"
DAX,2020-05-29,"11,586.85"
DAX,2020-06-02,"12,021.28"
DAX,2020-06-03,"12,487.36"
DAX,2020-06-04,"12,430.56"
DAX,2020-06-05,"12,847.68"
DivDAX,2020-01-02,356.90
DivDAX,2020-01-03,351.94
DivDAX,2020-01-06,349.50
DivDAX,2020-01-07,351.34
DivDAX,2020-01-08,353.08
DivDAX,2020-01-09,357.41
DivDAX,2020-01-10,357.22
DivDAX,2020-01-13,355.31
DivDAX,2020-01-14,354.71
DivDAX,2020-01-15,353.51
DivDAX,2020-01-16,352.96
DivDAX,2020-01-17,354.52
DivDAX,2020-01-20,355.95
DivDAX,2020-01-21,355.04
DivDAX,2020-01-22,352.66
DivDAX,2020-01-23,348.57
DivDAX,2020-01-24,351.42
DivDAX,2020-01-27,342.95
DivDAX,2020-01-28,347.56
DivDAX,2020-01-29,347.77
DivDAX,2020-01-30,342.28
DivDAX,2020-01-31,338.11
DivDAX,2020-02-03,338.89
DivDAX,2020-02-04,343.92
DivDAX,2020-02-05,349.75
DivDAX,2020-02-06,351.56
DivDAX,2020-02-07,349.09
DivDAX,2020-02-10,348.25
DivDAX,2020-02-11,351.87
DivDAX,2020-02-12,356.21
DivDAX,2020-02-13,354.61
DivDAX,2020-02-14,354.48
DivDAX,2020-02-17,355.52
DivDAX,2020-02-18,352.77
DivDAX,2020-02-19,355.60
DivDAX,2020-02-20,353.75
DivDAX,2020-02-21,351.29
DivDAX,2020-02-24,337.18
DivDAX,2020-02-25,330.53
DivDAX,2020-02-26,330.70
DivDAX,2020-02-27,320.03
DivDAX,2020-02-28,308.24
DivDAX,2020-03-02,307.21
DivDAX,2020-03-03,309.00
DivDAX,2020-03-04,314.56
DivDAX,2020-03-05,308.74
DivDAX,2020-03-06,299.36
DivDAX,2020-03-09,272.91
DivDAX,2020-03-10,269.47
DivDAX,2020-03-11,268.77
DivDAX,2020-03-12,231.01
DivDAX,2020-03-13,232.69
DivDAX,2020-03-16,218.21
DivDAX,2020-03-17,224.03
DivDAX,2020-03-18,209.70
DivDAX,2020-03-19,215.51
DivDAX,2020-03-20,222.66
DivDAX,2020-03-23,218.10
DivDAX,2020-03-24,245.82
DivDAX,2020-03-25,249.42
DivDAX,2020-03-26,251.53
DivDAX,2020-03-27,241.21
DivDAX,2020-03-30,245.84
DivDAX,2020-03-31,249.38
DivDAX,2020-04-01,238.86
DivDAX,2020-04-02,240.37
DivDAX,2020-04-03,238.01
DivDAX,2020-04-06,264.53
DivDAX,2020-04-07,260.81
DivDAX,2020-04-08,258.68
DivDAX,2020-04-09,264.94
DivDAX,2020-04-14,266.72
DivDAX,2020-04-15,255.93
DivDAX,2020-04-16,255.68
DivDAX,2020-04-17,264.70
DivDAX,2020-04-20,265.16
DivDAX,2020-04-21,255.33
DivDAX,2020-04-22,259.68
DivDAX,2020-04-23,262.58
DivDAX,2020-04-24,258.71
DivDAX,2020-04-27,268.92
DivDAX,2020-04-28,275.19
DivDAX,2020-04-29,285.72
DivDAX,2020-04-30,277.84
DivDAX,2020-05-04,267.07
DivDAX,2020-05-05,273.17
DivDAX,2020-05-06,268.97
DivDAX,2020-05-07,271.80
DivDAX,2020-05-08,277.09
DivDAX,2020-05-11,274.30
DivDAX,2020-05-12,274.57
DivDAX,2020-05-13,265.95
DivDAX,2020-05-14,259.96
DivDAX,2020-05-15,265.14
DivDAX,2020-05-18,281.11
DivDAX,2020-05-19,281.04
DivDAX,2020-05-20,283.87
DivDAX,2020-05-21,280.80
DivDAX,2020-05-22,280.91
DivDAX,2020-05-25,288.59
DivDAX,2020-05-26,293.70
DivDAX,2020-05-27,301.21
DivDAX,2020-05-28,301.80
DivDAX,2020-05-29,294.05
DivDAX,2020-06-02,308.47
DivDAX,2020-06-03,322.75
DivDAX,2020-06-04,319.94
DivDAX,2020-06-05,331.62
MDAX,2020-01-02,"28,608.30"
MDAX,2020-01-03,"28,451.33"
MDAX,2020-01-06,"28,193.27"
MDAX,2020-01-07,"28,287.08"
MDAX,2020-01-08,"28,377.80"
MDAX,2020-01-09,"28,554.01"
MDAX,2020-01-10,"28,470.89"
MDAX,2020-01-13,"28,405.66"
MDAX,2020-01-14,"28,462.47"
MDAX,2020-01-15,"28,407.22"
MDAX,2020-01-16,"28,470.39"
MDAX,2020-01-17,"28,669.65"
MDAX,2020-01-20,"28,811.24"
MDAX,2020-01-21,"28,767.96"
MDAX,2020-01-22,"28,754.12"
MDAX,2020-01-23,"28,480.53"
MDAX,2020-01-24,"28,802.24"
MDAX,2020-01-27,"28,133.89"
MDAX,2020-01-28,"28,354.84"
MDAX,2020-01-29,"28,513.50"
MDAX,2020-01-30,"28,186.14"
MDAX,2020-01-31,"27,984.32"
MDAX,2020-02-03,"28,046.05"
MDAX,2020-02-04,"28,441.90"
MDAX,2020-02-05,"28,780.27"
MDAX,2020-02-06,"28,908.75"
MDAX,2020-02-07,"28,671.90"
MDAX,2020-02-10,"28,781.24"
MDAX,2020-02-11,"29,195.34"
MDAX,2020-02-12,"29,238.36"
MDAX,2020-02-13,"29,172.67"
MDAX,2020-02-14,"29,214.88"
MDAX,2020-02-17,"29,316.34"
MDAX,2020-02-18,"29,057.80"
MDAX,2020-02-19,"29,355.19"
MDAX,2020-02-20,"29,176.90"
MDAX,2020-02-21,"28,983.39"
MDAX,2020-02-24,"27,884.91"
MDAX,2020-02-25,"27,315.42"
MDAX,2020-02-26,"27,126.89"
MDAX,2020-02-27,"26,196.77"
MDAX,2020-02-28,"25,366.62"
MDAX,2020-03-02,"25,348.33"
MDAX,2020-03-03,"25,897.56"
MDAX,2020-03-04,"26,091.33"
MDAX,2020-03-05,"25,679.69"
MDAX,2020-03-06,"24,750.77"
MDAX,2020-03-09,"23,091.71"
MDAX,2020-03-10,"22,901.96"
MDAX,2020-03-11,"22,637.93"
MDAX,2020-03-12,"20,168.02"
MDAX,2020-03-13,"20,256.48"
MDAX,2020-03-16,"19,230.20"
MDAX,2020-03-17,"18,954.61"
MDAX,2020-03-18,"17,909.40"
MDAX,2020-03-19,"18,559.78"
MDAX,2020-03-20,"19,521.15"
MDAX,2020-03-23,"18,837.03"
MDAX,2020-03-24,"20,181.98"
MDAX,2020-03-25,"20,762.04"
MDAX,2020-03-26,"21,426.13"
MDAX,2020-03-27,"20,618.22"
MDAX,2020-03-30,"20,651.22"
MDAX,2020-03-31,"21,040.71"
MDAX,2020-04-01,"20,432.30"
MDAX,2020-04-02,"20,488.22"
MDAX,2020-04-03,"20,345.74"
MDAX,2020-04-06,"21,838.98"
MDAX,2020-04-07,"21,538.13"
MDAX,2020-04-08,"21,704.44"
MDAX,2020-04-09,"22,100.17"
MDAX,2020-04-14,"22,374.20"
MDAX,2020-04-15,"21,722.09"
MDAX,2020-04-16,"21,792.67"
MDAX,2020-04-17,"22,356.36"
MDAX,2020-04-20,"22,460.84"
MDAX,2020-04-21,"21,948.25"
MDAX,2020-04-22,"22,274.84"
MDAX,2020-04-23,"22,506.81"
MDAX,2020-04-24,"22,240.69"
MDAX,2020-04-27,"22,584.22"
MDAX,2020-04-28,"22,817.07"
MDAX,2020-04-29,"23,406.05"
MDAX,2020-04-30,"23,043.70"
MDAX,2020-05-04,"22,431.37"
MDAX,2020-05-05,"23,117.73"
MDAX,2020-05-06,"23,082.78"
MDAX,2020-05-07,"23,742.94"
MDAX,2020-05-08,"23,965.21"
MDAX,2020-05-11,"23,865.82"
MDAX,2020-05-12,"23,819.97"
MDAX,2020-05-13,"23,546.44"
MDAX,2020-05-14,"22,994.51"
MDAX,2020-05-15,"23,270.68"
MDAX,2020-05-18,"24,087.72"
MDAX,2020-05-19,"24,198.38"
MDAX,2020-05-20,"24,478.88"
MDAX,2020-05-21,"24,406.91"
MDAX,2020-05-22,"24,590.01"
MDAX,2020-05-25,"25,085.86"
MDAX,2020-05-26,"25,446.60"
MDAX,2020-05-27,"25,152.03"
MDAX,2020-05-28,"25,633.68"
MDAX,2020-05-29,"25,396.00"
MDAX,2020-06-02,"26,080.63"
MDAX,2020-06-03,"26,677.43"
MDAX,2020-06-04,"26,760.42"
MDAX,2020-06-05,"27,199.76"
TecDAX,2020-01-02,"3,063.44"
TecDAX,2020-01-03,"3,035.69"
TecDAX,2020-01-06,"3,001.20"
TecDAX,2020-01-07,"3,036.83"
TecDAX,2020-01-08,"3,044.26"
TecDAX,2020-01-09,"3,095.28"
TecDAX,2020-01-10,"3,105.16"
TecDAX,2020-01-13,"3,093.77"
TecDAX,2020-01-14,"3,099.05"
TecDAX,2020-01-15,"3,103.57"
TecDAX,2020-01-16,"3,129.61"
TecDAX,2020-01-17,"3,152.54"
TecDAX,2020-01-20,"3,172.72"
TecDAX,2020-01-21,"3,170.25"
TecDAX,2020-01-22,"3,179.83"
TecDAX,2020-01-23,"3,170.33"
TecDAX,2020-01-24,"3,225.97"
TecDAX,2020-01-27,"3,133.87"
TecDAX,2020-01-28,"3,151.57"
TecDAX,2020-01-29,"3,157.65"
TecDAX,2020-01-30,"3,105.56"
TecDAX,2020-01-31,"3,061.72"
TecDAX,2020-02-03,"3,065.66"
TecDAX,2020-02-04,"3,124.76"
TecDAX,2020-02-05,"3,194.75"
TecDAX,2020-02-06,"3,207.86"
TecDAX,2020-02-07,"3,179.21"
TecDAX,2020-02-10,"3,182.38"
TecDAX,2020-02-11,"3,250.83"
TecDAX,2020-02-12,"3,270.00"
TecDAX,2020-02-13,"3,279.73"
TecDAX,2020-02-14,"3,265.31"
TecDAX,2020-02-17,"3,261.48"
TecDAX,2020-02-18,"3,234.62"
TecDAX,2020-02-19,"3,295.94"
TecDAX,2020-02-20,"3,264.28"
TecDAX,2020-02-21,"3,237.15"
TecDAX,2020-02-24,"3,114.68"
TecDAX,2020-02-25,"3,052.02"
TecDAX,2020-02-26,"3,043.45"
TecDAX,2020-02-27,"2,942.21"
TecDAX,2020-02-28,"2,848.71"
TecDAX,2020-03-02,"2,857.55"
TecDAX,2020-03-03,"2,942.67"
TecDAX,2020-03-04,"2,950.92"
TecDAX,2020-03-05,"2,912.00"
TecDAX,2020-03-06,"2,824.54"
TecDAX,2020-03-09,"2,636.50"
TecDAX,2020-03-10,"2,623.67"
TecDAX,2020-03-11,"2,608.45"
TecDAX,2020-03-12,"2,320.98"
TecDAX,2020-03-13,"2,360.54"
TecDAX,2020-03-16,"2,286.73"
TecDAX,2020-03-17,"2,295.85"
TecDAX,2020-03-18,"2,202.23"
TecDAX,2020-03-19,"2,273.21"
TecDAX,2020-03-20,"2,349.03"
TecDAX,2020-03-23,"2,316.88"
TecDAX,2020-03-24,"2,491.41"
TecDAX,2020-03-25,"2,543.12"
TecDAX,2020-03-26,"2,592.21"
TecDAX,2020-03-27,"2,506.46"
TecDAX,2020-03-30,"2,572.06"
TecDAX,2020-03-31,"2,597.98"
TecDAX,2020-04-01,"2,537.61"
TecDAX,2020-04-02,"2,563.43"
TecDAX,2020-04-03,"2,561.99"
TecDAX,2020-04-06,"2,747.51"
TecDAX,2020-04-07,"2,698.06"
TecDAX,2020-04-08,"2,746.09"
TecDAX,2020-04-09,"2,789.77"
TecDAX,2020-04-14,"2,879.94"
TecDAX,2020-04-15,"2,793.80"
TecDAX,2020-04-16,"2,816.65"
TecDAX,2020-04-17,"2,871.08"
TecDAX,2020-04-20,"2,906.50"
TecDAX,2020-04-21,"2,832.10"
TecDAX,2020-04-22,"2,899.54"
TecDAX,2020-04-23,"2,949.97"
TecDAX,2020-04-24,"2,886.40"
TecDAX,2020-04-27,"2,932.13"
TecDAX,2020-04-28,"2,854.32"
TecDAX,2020-04-29,"2,879.70"
TecDAX,2020-04-30,"2,854.65"
TecDAX,2020-05-04,"2,794.65"
TecDAX,2020-05-05,"2,881.80"
TecDAX,2020-05-06,"2,885.74"
TecDAX,2020-05-07,"2,949.03"
TecDAX,2020-05-08,"2,982.99"
TecDAX,2020-05-11,"2,987.38"
TecDAX,2020-05-12,"3,003.51"
TecDAX,2020-05-13,"2,987.48"
TecDAX,2020-05-14,"2,914.45"
TecDAX,2020-05-15,"2,919.35"
TecDAX,2020-05-18,"3,035.40"
TecDAX,2020-05-19,"3,049.48"
TecDAX,2020-05-20,"3,104.79"
TecDAX,2020-05-21,"3,068.89"
TecDAX,2020-05-22,"3,088.18"
TecDAX,2020-05-25,"3,155.21"
TecDAX,2020-05-26,"3,174.25"
TecDAX,2020-05-27,"3,109.38"
TecDAX,2020-05-28,"3,172.96"
TecDAX,2020-05-29,"3,185.72"
TecDAX,2020-06-02,"3,211.26"
TecDAX,2020-06-03,"3,263.47"
TecDAX,2020-06-04,"3,246.68"
TecDAX,2020-06-05,"3,250.99"
AEX,2020-01-02,612.87
AEX,2020-01-03,611.06
AEX,2020-01-06,607.24
AEX,2020-01-07,609.71
AEX,2020-01-08,610.48
AEX,2020-01-09,612.55
AEX,2020-01-10,610.43
AEX,2020-01-13,608.90
AEX,2020-01-14,611.15
AEX,2020-01-15,611.56
AEX,2020-01-16,612.06
AEX,2020-01-17,615.57
AEX,2020-01-20,614.23
AEX,2020-01-21,611.89
AEX,2020-01-22,611.56
AEX,2020-01-23,605.62
AEX,2020-01-24,614.24
AEX,2020-01-27,598.69
AEX,2020-01-28,602.96
AEX,2020-01-29,605.22
AEX,2020-01-30,598.95
AEX,2020-01-31,589.50
AEX,2020-02-03,592.36
AEX,2020-02-04,605.40
AEX,2020-02-05,613.41
AEX,2020-02-06,618.75
AEX,2020-02-07,616.46
AEX,2020-02-10,617.10
AEX,2020-02-11,623.85
AEX,2020-02-12,629.03
AEX,2020-02-13,629.14
AEX,2020-02-14,629.23
AEX,2020-02-17,629.17
AEX,2020-02-18,625.43
AEX,2020-02-19,629.20
AEX,2020-02-20,622.12
AEX,2020-02-21,617.33
AEX,2020-02-24,593.30
AEX,2020-02-25,582.71
AEX,2020-02-26,581.78
AEX,2020-02-27,559.98
AEX,2020-02-28,539.38
AEX,2020-03-02,542.17
AEX,2020-03-03,550.22
AEX,2020-03-04,557.73
AEX,2020-03-05,552.54
AEX,2020-03-06,531.29
AEX,2020-03-09,490.66
AEX,2020-03-10,484.70
AEX,2020-03-11,484.16
AEX,2020-03-12,432.10
AEX,2020-03-13,432.85
AEX,2020-03-16,416.77
AEX,2020-03-17,424.26
AEX,2020-03-18,404.10
AEX,2020-03-19,422.75
AEX,2020-03-20,431.98
AEX,2020-03-23,423.72
AEX,2020-03-24,461.73
AEX,2020-03-25,475.40
AEX,2020-03-26,482.99
AEX,2020-03-27,464.93
AEX,2020-03-30,475.98
AEX,2020-03-31,483.44
AEX,2020-04-01,471.30
AEX,2020-04-02,478.28
AEX,2020-04-03,471.46
AEX,2020-04-06,489.82
AEX,2020-04-07,499.85
AEX,2020-04-08,500.71
AEX,2020-04-09,508.04
AEX,2020-04-14,507.74
AEX,2020-04-15,491.13
AEX,2020-04-16,496.08
AEX,2020-04-17,505.82
AEX,2020-04-20,512.76
AEX,2020-04-21,495.76
AEX,2020-04-22,509.62
AEX,2020-04-23,512.73
AEX,2020-04-24,504.94
AEX,2020-04-27,512.19
AEX,2020-04-28,519.97
AEX,2020-04-29,526.96
AEX,2020-04-30,512.92
AEX,2020-05-04,496.31
AEX,2020-05-05,509.83
AEX,2020-05-06,505.55
AEX,2020-05-07,516.26
AEX,2020-05-08,520.57
AEX,2020-05-11,520.33
AEX,2020-05-12,520.44
AEX,2020-05-13,512.19
AEX,2020-05-14,499.03
AEX,2020-05-15,500.31
AEX,2020-05-18,519.89
AEX,2020-05-19,520.45
AEX,2020-05-20,531.06
AEX,2020-05-21,522.81
AEX,2020-05-22,524.38
AEX,2020-05-25,532.82
AEX,2020-05-26,531.30
AEX,2020-05-27,528.96
AEX,2020-05-28,538.62
AEX,2020-05-29,532.57
AEX,2020-06-01,539.54
AEX,2020-06-02,546.12
AEX,2020-06-03,561.30
AEX,2020-06-04,559.13
AEX,2020-06-05,572.80
CAC 40,2020-01-02,"6,041.50"
CAC 40,2020-01-03,"6,044.16"
CAC 40,2020-01-06,"6,013.59"
CAC 40,2020-01-07,"6,012.35"
CAC 40,2020-01-08,"6,031.00"
CAC 40,2020-01-09,"6,042.55"
CAC 40,2020-01-10,"6,037.11"
CAC 40,2020-01-13,"6,036.14"
CAC 40,2020-01-14,"6,040.89"
CAC 40,2020-01-15,"6,032.61"
CAC 40,2020-01-16,"6,039.03"
CAC 40,2020-01-17,"6,100.72"
CAC 40,2020-01-20,"6,078.54"
CAC 40,2020-01-21,"6,045.99"
CAC 40,2020-01-22,"6,010.98"
CAC 40,2020-01-23,"5,971.79"
CAC 40,2020-01-24,"6,024.26"
CAC 40,2020-01-27,"5,863.02"
CAC 40,2020-01-28,"5,925.82"
CAC 40,2020-01-29,"5,954.89"
CAC 40,2020-01-30,"5,871.77"
CAC 40,2020-01-31,"5,806.34"
CAC 40,2020-02-03,"5,832.51"
CAC 40,2020-02-04,"5,935.05"
CAC 40,2020-02-05,"5,985.40"
CAC 40,2020-02-06,"6,038.18"
CAC 40,2020-02-07,"6,029.75"
CAC 40,2020-02-10,"6,015.67"
CAC 40,2020-02-11,"6,054.76"
CAC 40,2020-02-12,"6,104.73"
CAC 40,2020-02-13,"6,093.14"
CAC 40,2020-02-14,"6,069.35"
CAC 40,2020-02-17,"6,085.95"
CAC 40,2020-02-18,"6,056.82"
CAC 40,2020-02-19,"6,111.24"
CAC 40,2020-02-20,"6,062.30"
CAC 40,2020-02-21,"6,029.72"
CAC 40,2020-02-24,"5,791.87"
CAC 40,2020-02-25,"5,679.68"
CAC 40,2020-02-26,"5,684.55"
CAC 40,2020-02-27,"5,495.60"
CAC 40,2020-02-28,"5,309.90"
CAC 40,2020-03-02,"5,333.52"
CAC 40,2020-03-03,"5,393.17"
CAC 40,2020-03-04,"5,464.89"
CAC 40,2020-03-05,"5,361.10"
CAC 40,2020-03-06,"5,139.11"
CAC 40,2020-03-09,"4,707.91"
CAC 40,2020-03-10,"4,636.61"
CAC 40,2020-03-11,"4,610.25"
CAC 40,2020-03-12,"4,044.26"
CAC 40,2020-03-13,"4,118.36"
CAC 40,2020-03-16,"3,881.46"
CAC 40,2020-03-17,"3,991.78"
CAC 40,2020-03-18,"3,754.84"
CAC 40,2020-03-19,"3,855.50"
CAC 40,2020-03-20,"4,048.80"
CAC 40,2020-03-23,"3,914.31"
CAC 40,2020-03-24,"4,242.70"
CAC 40,2020-03-25,"4,432.30"
CAC 40,2020-03-26,"4,543.58"
CAC 40,2020-03-27,"4,351.49"
CAC 40,2020-03-30,"4,378.51"
CAC 40,2020-03-31,"4,396.12"
CAC 40,2020-04-01,"4,207.24"
CAC 40,2020-04-02,"4,220.96"
CAC 40,2020-04-03,"4,154.58"
CAC 40,2020-04-06,"4,346.14"
CAC 40,2020-04-07,"4,438.27"
CAC 40,2020-04-08,"4,442.75"
CAC 40,2020-04-09,"4,506.85"
CAC 40,2020-04-14,"4,523.91"
CAC 40,2020-04-15,"4,353.72"
CAC 40,2020-04-16,"4,350.16"
CAC 40,2020-04-17,"4,499.01"
CAC 40,2020-04-20,"4,528.30"
CAC 40,2020-04-21,"4,357.46"
CAC 40,2020-04-22,"4,411.80"
CAC 40,2020-04-23,"4,451.00"
CAC 40,2020-04-24,"4,393.32"
CAC 40,2020-04-27,"4,505.26"
CAC 40,2020-04-28,"4,569.79"
CAC 40,2020-04-29,"4,671.11"
CAC 40,2020-04-30,"4,572.18"
CAC 40,2020-05-04,"4,378.23"
CAC 40,2020-05-05,"4,483.13"
CAC 40,2020-05-06,"4,433.38"
CAC 40,2020-05-07,"4,501.44"
CAC 40,2020-05-08,"4,549.64"
CAC 40,2020-05-11,"4,490.22"
CAC 40,2020-05-12,"4,472.50"
CAC 40,2020-05-13,"4,344.95"
CAC 40,2020-05-14,"4,273.13"
CAC 40,2020-05-15,"4,277.63"
CAC 40,2020-05-18,"4,498.34"
CAC 40,2020-05-19,"4,458.16"
CAC 40,2020-05-20,"4,496.98"
CAC 40,2020-05-21,"4,445.45"
CAC 40,2020-05-22,"4,444.56"
CAC 40,2020-05-25,"4,539.91"
CAC 40,2020-05-26,"4,606.24"
CAC 40,2020-05-27,"4,688.74"
CAC 40,2020-05-28,"4,771.39"
CAC 40,2020-05-29,"4,695.44"
CAC 40,2020-06-01,"4,762.78"
CAC 40,2020-06-02,"4,858.97"
CAC 40,2020-06-03,"5,022.38"
CAC 40,2020-06-04,"5,011.98"
CAC 40,2020-06-05,"5,197.79"
FTSE 100,2020-01-02,"7,604.30"
FTSE 100,2020-01-03,"7,622.40"
FTSE 100,2020-01-06,"7,575.34"
FTSE 100,2020-01-07,"7,573.85"
FTSE 100,2020-01-08,"7,574.93"
FTSE 100,2020-01-09,"7,598.12"
FTSE 100,2020-01-10,"7,587.85"
FTSE 100,2020-01-13,"7,617.60"
FTSE 100,2020-01-14,"7,622.35"
FTSE 100,2020-01-15,"7,642.80"
FTSE 100,2020-01-16,"7,609.81"
FTSE 100,2020-01-17,"7,674.56"
FTSE 100,2020-01-20,"7,651.44"
FTSE 100,2020-01-21,"7,610.70"
FTSE 100,2020-01-22,"7,571.92"
FTSE 100,2020-01-23,"7,507.67"
FTSE 100,2020-01-24,"7,585.98"
FTSE 100,2020-01-27,"7,412.05"
FTSE 100,2020-01-28,"7,480.69"
FTSE 100,2020-01-29,"7,483.57"
FTSE 100,2020-01-30,"7,381.96"
FTSE 100,2020-01-31,"7,286.01"
FTSE 100,2020-02-03,"7,326.31"
FTSE 100,2020-02-04,"7,439.82"
FTSE 100,2020-02-05,"7,482.48"
FTSE 100,2020-02-06,"7,504.79"
FTSE 100,2020-02-07,"7,466.70"
FTSE 100,2020-02-10,"7,446.88"
FTSE 100,2020-02-11,"7,499.44"
FTSE 100,2020-02-12,"7,534.37"
FTSE 100,2020-02-13,"7,452.03"
FTSE 100,2020-02-14,"7,409.13"
FTSE 100,2020-02-17,"7,433.25"
FTSE 100,2020-02-18,"7,382.01"
FTSE 100,2020-02-19,"7,457.02"
FTSE 100,2020-02-20,"7,436.64"
FTSE 100,2020-02-21,"7,403.92"
FTSE 100,2020-02-24,"7,156.83"
FTSE 100,2020-02-25,"7,017.88"
FTSE 100,2020-02-26,"7,042.47"
FTSE 100,2020-02-27,"6,796.40"
FTSE 100,2020-02-28,"6,580.61"
FTSE 100,2020-03-02,"6,654.89"
FTSE 100,2020-03-03,"6,718.20"
FTSE 100,2020-03-04,"6,815.59"
FTSE 100,2020-03-05,"6,705.43"
FTSE 100,2020-03-06,"6,462.55"
FTSE 100,2020-03-09,"5,965.77"
FTSE 100,2020-03-10,"5,960.23"
FTSE 100,2020-03-11,"5,876.52"
FTSE 100,2020-03-12,"5,237.48"
FTSE 100,2020-03-13,"5,366.11"
FTSE 100,2020-03-16,"5,151.08"
FTSE 100,2020-03-17,"5,294.90"
FTSE 100,2020-03-18,"5,080.58"
FTSE 100,2020-03-19,"5,151.61"
FTSE 100,2020-03-20,"5,190.78"
FTSE 100,2020-03-23,"4,993.89"
FTSE 100,2020-03-24,"5,446.01"
FTSE 100,2020-03-25,"5,688.20"
FTSE 100,2020-03-26,"5,815.73"
FTSE 100,2020-03-27,"5,510.33"
FTSE 100,2020-03-30,"5,563.74"
FTSE 100,2020-03-31,"5,671.96"
FTSE 100,2020-04-01,"5,454.57"
FTSE 100,2020-04-02,"5,480.22"
FTSE 100,2020-04-03,"5,415.50"
FTSE 100,2020-04-06,"5,582.39"
FTSE 100,2020-04-07,"5,704.45"
FTSE 100,2020-04-08,"5,677.73"
FTSE 100,2020-04-09,"5,842.66"
FTSE 100,2020-04-14,"5,791.31"
FTSE 100,2020-04-15,"5,597.65"
FTSE 100,2020-04-16,"5,628.43"
FTSE 100,2020-04-17,"5,786.96"
FTSE 100,2020-04-20,"5,812.83"
FTSE 100,2020-04-21,"5,641.03"
FTSE 100,2020-04-22,"5,770.63"
FTSE 100,2020-04-23,"5,826.61"
FTSE 100,2020-04-24,"5,752.23"
FTSE 100,2020-04-27,"5,846.79"
FTSE 100,2020-04-28,"5,958.50"
FTSE 100,2020-04-29,"6,115.25"
FTSE 100,2020-04-30,"5,901.21"
FTSE 100,2020-05-01,"5,763.06"
FTSE 100,2020-05-04,"5,753.78"
FTSE 100,2020-05-05,"5,849.42"
FTSE 100,2020-05-06,"5,853.76"
FTSE 100,2020-05-07,"5,935.98"
FTSE 100,2020-05-11,"5,939.73"
FTSE 100,2020-05-12,"5,994.77"
FTSE 100,2020-05-13,"5,904.05"
FTSE 100,2020-05-14,"5,741.54"
FTSE 100,2020-05-15,"5,799.77"
FTSE 100,2020-05-18,"6,048.59"
FTSE 100,2020-05-19,"6,002.23"
FTSE 100,2020-05-20,"6,067.16"
FTSE 100,2020-05-21,"6,015.25"
FTSE 100,2020-05-22,"5,993.28"
FTSE 100,2020-05-26,"6,067.76"
FTSE 100,2020-05-27,"6,144.25"
FTSE 100,2020-05-28,"6,218.79"
FTSE 100,2020-05-29,"6,076.60"
FTSE 100,2020-06-01,"6,166.42"
FTSE 100,2020-06-02,"6,220.14"
FTSE 100,2020-06-03,"6,382.41"
FTSE 100,2020-06-04,"6,341.44"
FTSE 100,2020-06-05,"6,484.30"
IBEX 35,2020-01-02,"9,691.20"
IBEX 35,2020-01-03,"9,646.60"
IBEX 35,2020-01-06,"9,600.90"
IBEX 35,2020-01-07,"9,579.80"
IBEX 35,2020-01-08,"9,591.40"
IBEX 35,2020-01-09,"9,581.80"
IBEX 35,2020-01-10,"9,573.60"
IBEX 35,2020-01-13,"9,543.90"
IBEX 35,2020-01-14,"9,528.30"
IBEX 35,2020-01-15,"9,511.70"
IBEX 35,2020-01-16,"9,572.50"
IBEX 35,2020-01-17,"9,681.30"
IBEX 35,2020-01-20,"9,658.80"
IBEX 35,2020-01-21,"9,611.30"
IBEX 35,2020-01-22,"9,573.70"
IBEX 35,2020-01-23,"9,518.50"
IBEX 35,2020-01-24,"9,562.00"
IBEX 35,2020-01-27,"9,366.30"
IBEX 35,2020-01-28,"9,484.20"
IBEX 35,2020-01-29,"9,546.70"
IBEX 35,2020-01-30,"9,477.90"
IBEX 35,2020-01-31,"9,367.90"
IBEX 35,2020-02-03,"9,404.70"
IBEX 35,2020-02-04,"9,562.90"
IBEX 35,2020-02-05,"9,717.80"
IBEX 35,2020-02-06,"9,811.30"
IBEX 35,2020-02-07,"9,811.00"
IBEX 35,2020-02-10,"9,816.00"
IBEX 35,2020-02-11,"9,882.60"
IBEX 35,2020-02-12,"9,940.40"
IBEX 35,2020-02-13,"9,909.80"
IBEX 35,2020-02-14,"9,956.80"
IBEX 35,2020-02-17,"10,022.20"
IBEX 35,2020-02-18,"10,005.80"
IBEX 35,2020-02-19,"10,083.60"
IBEX 35,2020-02-20,"9,931.00"
IBEX 35,2020-02-21,"9,886.20"
IBEX 35,2020-02-24,"9,483.50"
IBEX 35,2020-02-25,"9,250.80"
IBEX 35,2020-02-26,"9,316.80"
IBEX 35,2020-02-27,"8,985.90"
IBEX 35,2020-02-28,"8,723.20"
IBEX 35,2020-03-02,"8,741.50"
IBEX 35,2020-03-03,"8,811.60"
IBEX 35,2020-03-04,"8,910.00"
IBEX 35,2020-03-05,"8,683.00"
IBEX 35,2020-03-06,"8,375.60"
IBEX 35,2020-03-09,"7,708.70"
IBEX 35,2020-03-10,"7,461.50"
IBEX 35,2020-03-11,"7,436.40"
IBEX 35,2020-03-12,"6,390.90"
IBEX 35,2020-03-13,"6,629.60"
IBEX 35,2020-03-16,"6,107.20"
IBEX 35,2020-03-17,"6,498.50"
IBEX 35,2020-03-18,"6,274.80"
IBEX 35,2020-03-19,"6,395.80"
IBEX 35,2020-03-20,"6,443.30"
IBEX 35,2020-03-23,"6,230.20"
IBEX 35,2020-03-24,"6,717.30"
IBEX 35,2020-03-25,"6,942.40"
IBEX 35,2020-03-26,"7,033.20"
IBEX 35,2020-03-27,"6,777.90"
IBEX 35,2020-03-30,"6,659.90"
IBEX 35,2020-03-31,"6,785.40"
IBEX 35,2020-04-01,"6,579.40"
IBEX 35,2020-04-02,"6,574.10"
IBEX 35,2020-04-03,"6,581.60"
IBEX 35,2020-04-06,"6,844.30"
IBEX 35,2020-04-07,"7,002.00"
IBEX 35,2020-04-08,"6,951.80"
IBEX 35,2020-04-09,"7,070.60"
IBEX 35,2020-04-14,"7,108.60"
IBEX 35,2020-04-15,"6,839.50"
IBEX 35,2020-04-16,"6,763.40"
IBEX 35,2020-04-17,"6,875.80"
IBEX 35,2020-04-20,"6,831.50"
IBEX 35,2020-04-21,"6,634.90"
IBEX 35,2020-04-22,"6,719.80"
IBEX 35,2020-04-23,"6,746.50"
IBEX 35,2020-04-24,"6,613.90"
IBEX 35,2020-04-27,"6,731.80"
IBEX 35,2020-04-28,"6,836.40"
IBEX 35,2020-04-29,"7,055.70"
IBEX 35,2020-04-30,"6,922.30"
IBEX 35,2020-05-04,"6,673.30"
IBEX 35,2020-05-05,"6,747.70"
IBEX 35,2020-05-06,"6,671.70"
IBEX 35,2020-05-07,"6,730.90"
IBEX 35,2020-05-08,"6,783.10"
IBEX 35,2020-05-11,"6,672.20"
IBEX 35,2020-05-12,"6,762.70"
IBEX 35,2020-05-13,"6,631.40"
IBEX 35,2020-05-14,"6,545.60"
IBEX 35,2020-05-15,"6,474.90"
IBEX 35,2020-05-18,"6,779.30"
IBEX 35,2020-05-19,"6,609.10"
IBEX 35,2020-05-20,"6,683.60"
IBEX 35,2020-05-21,"6,686.10"
IBEX 35,2020-05-22,"6,697.50"
IBEX 35,2020-05-25,"6,856.80"
IBEX 35,2020-05-26,"7,003.90"
IBEX 35,2020-05-27,"7,174.50"
IBEX 35,2020-05-28,"7,224.10"
IBEX 35,2020-05-29,"7,096.50"
IBEX 35,2020-06-01,"7,221.40"
IBEX 35,2020-06-02,"7,408.10"
IBEX 35,2020-06-03,"7,626.40"
IBEX 35,2020-06-04,"7,566.80"
OMXS30,2020-01-02,"1,808.63"
OMXS30,2020-01-03,"1,785.23"
OMXS30,2020-01-07,"1,796.85"
OMXS30,2020-01-08,"1,795.41"
OMXS30,2020-01-09,"1,796.73"
OMXS30,2020-01-10,"1,784.97"
OMXS30,2020-01-13,"1,790.51"
OMXS30,2020-01-14,"1,792.90"
OMXS30,2020-01-15,"1,787.29"
OMXS30,2020-01-16,"1,812.30"
OMXS30,2020-01-17,"1,825.94"
OMXS30,2020-01-20,"1,821.29"
OMXS30,2020-01-21,"1,825.62"
OMXS30,2020-01-22,"1,811.76"
OMXS30,2020-01-23,"1,795.43"
OMXS30,2020-01-24,"1,812.85"
OMXS30,2020-01-27,"1,771.48"
OMXS30,2020-01-28,"1,786.35"
OMXS30,2020-01-29,"1,791.67"
OMXS30,2020-01-30,"1,787.96"
OMXS30,2020-01-31,"1,783.26"
OMXS30,2020-02-03,"1,782.91"
OMXS30,2020-02-04,"1,821.04"
OMXS30,2020-02-05,"1,847.35"
OMXS30,2020-02-06,"1,851.95"
OMXS30,2020-02-07,"1,849.86"
OMXS30,2020-02-10,"1,858.00"
OMXS30,2020-02-11,"1,884.13"
OMXS30,2020-02-12,"1,889.75"
OMXS30,2020-02-13,"1,883.02"
OMXS30,2020-02-14,"1,885.62"
OMXS30,2020-02-17,"1,888.35"
OMXS30,2020-02-18,"1,878.79"
OMXS30,2020-02-19,"1,900.28"
OMXS30,2020-02-20,"1,898.93"
OMXS30,2020-02-21,"1,879.10"
OMXS30,2020-02-24,"1,798.20"
OMXS30,2020-02-25,"1,769.14"
OMXS30,2020-02-26,"1,782.10"
OMXS30,2020-02-27,"1,721.59"
OMXS30,2020-02-28,"1,668.84"
OMXS30,2020-03-02,"1,679.13"
OMXS30,2020-03-03,"1,694.56"
OMXS30,2020-03-04,"1,704.20"
OMXS30,2020-03-05,"1,683.19"
OMXS30,2020-03-06,"1,629.00"
OMXS30,2020-03-09,"1,542.44"
OMXS30,2020-03-10,"1,533.79"
OMXS30,2020-03-11,"1,511.96"
OMXS30,2020-03-12,"1,352.13"
OMXS30,2020-03-13,"1,376.46"
OMXS30,2020-03-16,"1,329.16"
OMXS30,2020-03-17,"1,372.79"
OMXS30,2020-03-18,"1,337.24"
OMXS30,2020-03-19,"1,380.58"
OMXS30,2020-03-20,"1,355.54"
OMXS30,2020-03-23,"1,292.27"
OMXS30,2020-03-24,"1,383.88"
OMXS30,2020-03-25,"1,446.56"
OMXS30,2020-03-26,"1,470.89"
OMXS30,2020-03-27,"1,419.29"
OMXS30,2020-03-30,"1,449.20"
OMXS30,2020-03-31,"1,482.43"
OMXS30,2020-04-01,"1,425.99"
OMXS30,2020-04-02,"1,427.19"
OMXS30,2020-04-03,"1,404.59"
OMXS30,2020-04-06,"1,461.23"
OMXS30,2020-04-07,"1,510.85"
OMXS30,2020-04-08,"1,499.51"
OMXS30,2020-04-09,"1,498.76"
OMXS30,2020-04-14,"1,535.84"
OMXS30,2020-04-15,"1,480.60"
OMXS30,2020-04-16,"1,483.79"
OMXS30,2020-04-17,"1,534.55"
OMXS30,2020-04-20,"1,541.17"
OMXS30,2020-04-21,"1,493.45"
OMXS30,2020-04-22,"1,527.63"
OMXS30,2020-04-23,"1,541.89"
OMXS30,2020-04-24,"1,514.13"
OMXS30,2020-04-27,"1,539.51"
OMXS30,2020-04-28,"1,568.50"
OMXS30,2020-04-29,"1,600.86"
OMXS30,2020-04-30,"1,577.92"
OMXS30,2020-05-04,"1,505.21"
OMXS30,2020-05-05,"1,538.18"
OMXS30,2020-05-06,"1,521.40"
OMXS30,2020-05-07,"1,537.74"
OMXS30,2020-05-08,"1,563.19"
OMXS30,2020-05-11,"1,556.49"
OMXS30,2020-05-12,"1,570.03"
OMXS30,2020-05-13,"1,522.64"
OMXS30,2020-05-14,"1,476.52"
OMXS30,2020-05-15,"1,493.62"
OMXS30,2020-05-18,"1,566.16"
OMXS30,2020-05-19,"1,560.28"
OMXS30,2020-05-20,"1,556.44"
OMXS30,2020-05-22,"1,555.49"
OMXS30,2020-05-25,"1,588.60"
OMXS30,2020-05-26,"1,606.65"
OMXS30,2020-05-27,"1,623.39"
OMXS30,2020-05-28,"1,657.58"
OMXS30,2020-05-29,"1,629.76"
OMXS30,2020-06-01,"1,649.38"
OMXS30,2020-06-02,"1,666.98"
OMXS30,2020-06-03,"1,709.96"
OMXS30,2020-06-04,"1,700.48"
OMXS30,2020-06-05,"1,730.51"
SMI,2020-01-03,"10,699.82"
SMI,2020-01-06,"10,665.41"
SMI,2020-01-07,"10,686.80"
SMI,2020-01-08,"10,652.16"
SMI,2020-01-09,"10,650.97"
SMI,2020-01-10,"10,639.49"
SMI,2020-01-13,"10,622.41"
SMI,2020-01-14,"10,655.82"
SMI,2020-01-15,"10,670.74"
SMI,2020-01-16,"10,693.52"
SMI,2020-01-17,"10,841.82"
SMI,2020-01-20,"10,846.29"
SMI,2020-01-21,"10,884.51"
SMI,2020-01-22,"10,895.07"
SMI,2020-01-23,"10,813.94"
SMI,2020-01-24,"10,849.75"
SMI,2020-01-27,"10,675.96"
SMI,2020-01-28,"10,781.98"
SMI,2020-01-29,"10,859.88"
SMI,2020-01-30,"10,748.92"
SMI,2020-01-31,"10,627.88"
SMI,2020-02-03,"10,664.95"
SMI,2020-02-04,"10,800.64"
SMI,2020-02-05,"10,994.15"
SMI,2020-02-06,"11,012.36"
SMI,2020-02-07,"11,001.53"
SMI,2020-02-10,"11,039.78"
SMI,2020-02-11,"11,101.17"
SMI,2020-02-12,"11,089.24"
SMI,2020-02-13,"11,092.35"
SMI,2020-02-14,"11,128.81"
SMI,2020-02-17,"11,168.45"
SMI,2020-02-18,"11,146.28"
SMI,2020-02-19,"11,263.01"
SMI,2020-02-20,"11,154.53"
SMI,2020-02-21,"11,110.78"
SMI,2020-02-24,"10,712.84"
SMI,2020-02-25,"10,478.51"
SMI,2020-02-26,"10,512.15"
SMI,2020-02-27,"10,205.46"
SMI,2020-02-28,"9,831.03"
SMI,2020-03-02,"9,950.83"
SMI,2020-03-03,"10,087.40"
SMI,2020-03-04,"10,251.39"
SMI,2020-03-05,"10,143.57"
SMI,2020-03-06,"9,736.82"
SMI,2020-03-09,"9,196.60"
SMI,2020-03-10,"9,195.93"
SMI,2020-03-11,"9,152.50"
SMI,2020-03-12,"8,270.44"
SMI,2020-03-13,"8,367.56"
SMI,2020-03-16,"8,227.08"
SMI,2020-03-17,"8,493.04"
SMI,2020-03-18,"8,338.74"
SMI,2020-03-19,"8,782.24"
SMI,2020-03-20,"8,623.86"
SMI,2020-03-23,"8,160.79"
SMI,2020-03-24,"8,733.32"
SMI,2020-03-25,"8,989.16"
SMI,2020-03-26,"9,203.98"
SMI,2020-03-27,"8,996.37"
SMI,2020-03-30,"9,174.39"
SMI,2020-03-31,"9,311.92"
SMI,2020-04-01,"9,168.98"
SMI,2020-04-02,"9,270.96"
SMI,2020-04-03,"9,242.44"
SMI,2020-04-06,"9,462.34"
SMI,2020-04-07,"9,514.60"
SMI,2020-04-08,"9,432.39"
SMI,2020-04-09,"9,452.83"
SMI,2020-04-14,"9,538.61"
SMI,2020-04-15,"9,320.20"
SMI,2020-04-16,"9,439.91"
SMI,2020-04-17,"9,612.83"
SMI,2020-04-20,"9,785.27"
SMI,2020-04-21,"9,547.85"
SMI,2020-04-22,"9,630.56"
SMI,2020-04-23,"9,625.48"
SMI,2020-04-24,"9,625.65"
SMI,2020-04-27,"9,758.82"
SMI,2020-04-28,"9,889.46"
SMI,2020-04-29,"9,865.32"
SMI,2020-04-30,"9,629.40"
SMI,2020-05-04,"9,390.27"
SMI,2020-05-05,"9,512.17"
SMI,2020-05-06,"9,571.70"
SMI,2020-05-07,"9,617.98"
SMI,2020-05-08,"9,665.35"
SMI,2020-05-11,"9,689.71"
SMI,2020-05-12,"9,733.53"
SMI,2020-05-13,"9,631.62"
SMI,2020-05-14,"9,448.14"
SMI,2020-05-15,"9,483.10"
SMI,2020-05-18,"9,740.77"
SMI,2020-05-19,"9,764.23"
SMI,2020-05-20,"9,790.85"
SMI,2020-05-22,"9,688.99"
SMI,2020-05-25,"9,824.54"
SMI,2020-05-26,"9,830.83"
SMI,2020-05-27,"9,716.52"
SMI,2020-05-28,"9,926.03"
SMI,2020-05-29,"9,831.49"
SMI,2020-06-02,"9,951.45"
SMI,2020-06-03,"10,183.77"
SMI,2020-06-04,"10,075.68"
SMI,2020-06-05,"10,190.37"
BOVESPA,2020-01-02,"118,980.00"
BOVESPA,2020-01-03,"118,560.00"
BOVESPA,2020-01-06,"117,265.00"
BOVESPA,2020-01-07,"117,115.00"
BOVESPA,2020-01-08,"116,505.00"
BOVESPA,2020-01-09,"116,360.00"
BOVESPA,2020-01-10,"115,725.00"
BOVESPA,2020-01-13,"117,775.00"
BOVESPA,2020-01-14,"117,880.00"
BOVESPA,2020-01-15,"116,755.00"
BOVESPA,2020-01-16,"116,980.00"
BOVESPA,2020-01-17,"118,730.00"
BOVESPA,2020-01-21,"117,275.00"
BOVESPA,2020-01-22,"118,565.00"
BOVESPA,2020-01-23,"119,810.00"
BOVESPA,2020-01-24,"118,560.00"
BOVESPA,2020-01-27,"114,620.00"
BOVESPA,2020-01-28,"116,780.00"
BOVESPA,2020-01-29,"115,450.00"
BOVESPA,2020-01-30,"115,650.00"
BOVESPA,2020-01-31,"113,930.00"
BOVESPA,2020-02-03,"114,905.00"
BOVESPA,2020-02-04,"115,735.00"
BOVESPA,2020-02-05,"116,275.00"
BOVESPA,2020-02-06,"115,190.00"
BOVESPA,2020-02-07,"113,750.00"
BOVESPA,2020-02-10,"112,895.00"
BOVESPA,2020-02-11,"115,365.00"
BOVESPA,2020-02-12,"117,395.00"
BOVESPA,2020-02-13,"116,305.00"
BOVESPA,2020-02-14,"115,020.00"
BOVESPA,2020-02-18,"115,525.00"
BOVESPA,2020-02-19,"117,130.00"
BOVESPA,2020-02-20,"115,090.00"
BOVESPA,2020-02-21,"114,045.00"
BOVESPA,2020-02-24,"114,045.00"
BOVESPA,2020-02-25,"114,045.00"
BOVESPA,2020-02-26,"106,260.00"
BOVESPA,2020-02-27,"103,450.00"
BOVESPA,2020-02-28,"104,250.00"
BOVESPA,2020-03-02,"107,145.00"
BOVESPA,2020-03-03,"105,610.00"
BOVESPA,2020-03-04,"107,675.00"
BOVESPA,2020-03-05,"102,395.00"
BOVESPA,2020-03-06,"98,375.00"
BOVESPA,2020-03-09,"86,080.00"
BOVESPA,2020-03-10,"92,040.00"
BOVESPA,2020-03-11,"84,850.00"
BOVESPA,2020-03-12,"72,125.00"
BOVESPA,2020-03-13,"82,680.00"
BOVESPA,2020-03-16,"108,000.00"
BOVESPA,2020-03-17,"74,725.00"
BOVESPA,2020-03-18,"66,595.00"
BOVESPA,2020-03-19,"67,465.00"
BOVESPA,2020-03-20,"67,005.00"
BOVESPA,2020-03-23,"63,100.00"
BOVESPA,2020-03-24,"69,900.00"
BOVESPA,2020-03-25,"74,840.00"
BOVESPA,2020-03-26,"77,720.00"
BOVESPA,2020-03-27,"73,050.00"
BOVESPA,2020-03-30,"74,610.00"
BOVESPA,2020-03-31,"72,790.00"
BOVESPA,2020-04-01,"70,895.00"
BOVESPA,2020-04-02,"72,115.00"
BOVESPA,2020-04-03,"69,355.00"
BOVESPA,2020-04-06,"74,105.00"
BOVESPA,2020-04-07,"76,280.00"
BOVESPA,2020-04-08,"78,705.00"
BOVESPA,2020-04-09,"77,895.00"
BOVESPA,2020-04-13,"77,810.00"
BOVESPA,2020-04-14,"79,930.00"
BOVESPA,2020-04-15,"78,300.00"
BOVESPA,2020-04-16,"78,045.00"
BOVESPA,2020-04-17,"79,185.00"
BOVESPA,2020-04-20,"79,135.00"
BOVESPA,2020-04-21,"79,135.00"
BOVESPA,2020-04-22,"80,795.00"
BOVESPA,2020-04-23,"79,775.00"
BOVESPA,2020-04-24,"75,330.00"
BOVESPA,2020-04-27,"78,340.00"
BOVESPA,2020-04-28,"81,475.00"
BOVESPA,2020-04-29,"83,475.00"
BOVESPA,2020-04-30,"80,525.00"
BOVESPA,2020-05-01,"80,525.00"
BOVESPA,2020-05-04,"79,100.00"
BOVESPA,2020-05-05,"79,630.00"
BOVESPA,2020-05-06,"79,220.00"
BOVESPA,2020-05-07,"78,560.00"
BOVESPA,2020-05-08,"80,495.00"
BOVESPA,2020-05-11,"79,025.00"
BOVESPA,2020-05-12,"77,915.00"
BOVESPA,2020-05-13,"78,010.00"
BOVESPA,2020-05-14,"79,115.00"
BOVESPA,2020-05-15,"77,720.00"
BOVESPA,2020-05-18,"81,375.00"
BOVESPA,2020-05-19,"80,790.00"
BOVESPA,2020-05-20,"81,275.00"
BOVESPA,2020-05-21,"83,105.00"
BOVESPA,2020-05-22,"82,435.00"
BOVESPA,2020-05-26,"85,720.00"
BOVESPA,2020-05-27,"87,980.00"
BOVESPA,2020-05-28,"87,035.00"
BOVESPA,2020-05-29,"87,210.00"
BOVESPA,2020-06-01,"88,775.00"
BOVESPA,2020-06-02,"91,165.00"
BOVESPA,2020-06-03,"92,925.00"
BOVESPA,2020-06-04,"93,885.00"
BOVESPA,2020-06-05,"94,585.00"
BSX,2020-01-02,"2,404.48"
BSX,2020-01-03,"2,404.48"
BSX,2020-01-06,"2,404.48"
BSX,2020-01-07,"2,346.59"
BSX,2020-01-08,"2,351.43"
BSX,2020-01-09,"2,365.00"
BSX,2020-01-10,"2,368.44"
BSX,2020-01-13,"2,373.44"
BSX,2020-01-14,"2,353.44"
BSX,2020-01-15,"2,353.32"
BSX,2020-01-16,"2,350.92"
BSX,2020-01-17,"2,336.94"
BSX,2020-01-20,"2,336.94"
BSX,2020-01-21,"2,336.94"
BSX,2020-01-22,"2,336.94"
BSX,2020-01-23,"2,336.94"
BSX,2020-01-24,"2,336.94"
BSX,2020-01-27,"2,258.21"
BSX,2020-01-28,"2,202.04"
BSX,2020-01-29,"2,221.01"
BSX,2020-01-30,"2,200.00"
BSX,2020-01-31,"2,216.84"
BSX,2020-02-03,"2,216.84"
BSX,2020-02-04,"2,220.10"
BSX,2020-02-05,"2,253.55"
BSX,2020-02-06,"2,253.55"
BSX,2020-02-07,"2,253.55"
BSX,2020-02-10,"2,226.57"
BSX,2020-02-11,"2,253.00"
BSX,2020-02-12,"2,253.00"
BSX,2020-02-13,"2,253.00"
BSX,2020-02-14,"2,243.44"
BSX,2020-02-18,"2,216.45"
BSX,2020-02-19,"2,220.50"
BSX,2020-02-20,"2,220.50"
BSX,2020-02-21,"2,220.50"
BSX,2020-02-24,"2,200.26"
BSX,2020-02-25,"2,200.74"
BSX,2020-02-26,"2,032.33"
BSX,2020-02-27,"2,031.85"
BSX,2020-02-28,"2,037.85"
BSX,2020-03-02,"2,032.11"
BSX,2020-03-03,"1,953.40"
BSX,2020-03-04,"1,903.91"
BSX,2020-03-05,"1,903.91"
BSX,2020-03-06,"1,902.01"
BSX,2020-03-09,"1,897.51"
BSX,2020-03-10,"1,771.30"
BSX,2020-03-11,"1,791.25"
BSX,2020-03-12,"1,787.56"
BSX,2020-03-13,"1,799.35"
BSX,2020-03-16,"1,799.35"
BSX,2020-03-17,"1,572.56"
BSX,2020-03-18,"1,572.57"
BSX,2020-03-19,"1,555.57"
BSX,2020-03-20,"1,559.01"
BSX,2020-03-23,"1,557.29"
BSX,2020-03-24,"1,427.32"
BSX,2020-03-25,"1,506.52"
BSX,2020-03-26,"1,506.52"
BSX,2020-03-27,"1,498.86"
BSX,2020-03-30,"1,503.66"
BSX,2020-03-31,"1,502.26"
BSX,2020-04-01,"1,502.26"
BSX,2020-04-02,"1,502.26"
BSX,2020-04-03,"1,500.55"
BSX,2020-04-06,"1,501.75"
BSX,2020-04-07,"1,502.55"
BSX,2020-04-08,"1,508.25"
BSX,2020-04-09,"1,509.05"
BSX,2020-04-13,"1,502.85"
BSX,2020-04-15,"1,502.85"
BSX,2020-04-16,"1,475.86"
BSX,2020-04-17,"1,543.33"
BSX,2020-04-20,"1,543.33"
BSX,2020-04-21,"1,543.53"
BSX,2020-04-22,"1,542.73"
BSX,2020-04-23,"1,542.73"
BSX,2020-04-24,"1,542.73"
BSX,2020-04-27,"1,542.73"
BSX,2020-04-28,"1,542.73"
BSX,2020-04-29,"1,542.73"
BSX,2020-04-30,"1,652.75"
BSX,2020-05-01,"1,651.38"
BSX,2020-05-04,"1,653.79"
BSX,2020-05-05,"1,654.21"
BSX,2020-05-06,"1,623.80"
BSX,2020-05-07,"1,623.80"
BSX,2020-05-08,"1,595.35"
BSX,2020-05-11,"1,597.44"
BSX,2020-05-12,"1,597.44"
BSX,2020-05-13,"1,597.44"
BSX,2020-05-14,"1,597.44"
BSX,2020-05-15,"1,595.52"
BSX,2020-05-18,"1,595.52"
BSX,2020-05-19,"1,595.52"
BSX,2020-05-20,"1,594.04"
BSX,2020-05-21,"1,728.97"
BSX,2020-05-22,"1,728.97"
BSX,2020-05-25,"1,728.97"
BSX,2020-05-26,"1,755.95"
BSX,2020-05-27,"1,755.15"
BSX,2020-05-28,"1,906.69"
BSX,2020-06-01,"1,783.01"
BSX,2020-06-02,"1,782.92"
BSX,2020-06-03,"1,782.00"
BSX,2020-06-04,"1,778.40"
BSX,2020-06-05,"1,780.20"
IGPA,2020-01-02,"16,715.20"
IGPA,2020-01-03,"16,819.98"
IGPA,2020-01-06,"16,959.62"
IGPA,2020-01-07,"17,069.34"
IGPA,2020-01-08,"17,062.86"
IGPA,2020-01-09,"17,020.00"
IGPA,2020-01-10,"17,320.56"
IGPA,2020-01-13,"17,222.62"
IGPA,2020-01-14,"17,114.37"
IGPA,2020-01-15,"16,983.34"
IGPA,2020-01-16,"17,009.35"
IGPA,2020-01-17,"16,985.75"
IGPA,2020-01-20,"16,767.19"
IGPA,2020-01-21,"16,397.01"
IGPA,2020-01-22,"16,309.39"
IGPA,2020-01-23,"16,240.69"
IGPA,2020-01-24,"16,208.90"
IGPA,2020-01-27,"15,942.63"
IGPA,2020-01-28,"15,965.14"
IGPA,2020-01-29,"15,963.17"
IGPA,2020-01-30,"15,892.92"
IGPA,2020-01-31,"15,959.84"
IGPA,2020-02-03,"15,968.87"
IGPA,2020-02-04,"16,248.38"
IGPA,2020-02-05,"16,270.97"
IGPA,2020-02-06,"16,353.76"
IGPA,2020-02-07,"16,315.35"
IGPA,2020-02-10,"16,134.13"
IGPA,2020-02-11,"16,236.21"
IGPA,2020-02-12,"16,267.98"
IGPA,2020-02-13,"16,239.09"
IGPA,2020-02-14,"16,228.41"
IGPA,2020-02-17,"16,155.09"
IGPA,2020-02-18,"15,870.56"
IGPA,2020-02-19,"15,783.85"
IGPA,2020-02-20,"15,823.31"
IGPA,2020-02-21,"15,798.70"
IGPA,2020-02-24,"15,462.25"
IGPA,2020-02-25,"15,242.11"
IGPA,2020-02-26,"15,016.84"
IGPA,2020-02-27,"14,883.45"
IGPA,2020-02-28,"14,423.06"
IGPA,2020-03-02,"14,920.56"
IGPA,2020-03-03,"14,935.35"
IGPA,2020-03-04,"15,159.83"
IGPA,2020-03-05,"15,020.39"
IGPA,2020-03-06,"14,713.31"
IGPA,2020-03-09,"14,069.26"
IGPA,2020-03-10,"14,176.11"
IGPA,2020-03-11,"13,868.22"
IGPA,2020-03-12,"13,016.74"
IGPA,2020-03-13,"13,135.77"
IGPA,2020-03-16,"11,433.80"
IGPA,2020-03-17,"11,507.62"
IGPA,2020-03-18,"10,204.51"
IGPA,2020-03-19,"10,812.53"
IGPA,2020-03-20,"10,838.19"
IGPA,2020-03-23,"10,207.90"
IGPA,2020-03-24,"10,217.34"
IGPA,2020-03-25,"10,866.30"
IGPA,2020-03-26,"11,167.00"
IGPA,2020-03-27,"11,201.43"
IGPA,2020-03-30,"11,496.00"
IGPA,2020-03-31,"12,072.73"
IGPA,2020-04-01,"11,856.49"
IGPA,2020-04-02,"12,299.09"
IGPA,2020-04-03,"12,614.26"
IGPA,2020-04-06,"12,854.03"
IGPA,2020-04-07,"12,758.27"
IGPA,2020-04-08,"12,953.53"
IGPA,2020-04-09,"13,190.56"
IGPA,2020-04-13,"13,300.19"
IGPA,2020-04-14,"13,504.13"
IGPA,2020-04-15,"13,298.50"
IGPA,2020-04-16,"13,147.97"
IGPA,2020-04-17,"13,204.45"
IGPA,2020-04-20,"12,975.36"
IGPA,2020-04-21,"12,657.07"
IGPA,2020-04-22,"12,736.31"
IGPA,2020-04-23,"12,945.89"
IGPA,2020-04-24,"12,718.74"
IGPA,2020-04-27,"13,113.52"
IGPA,2020-04-28,"13,366.62"
IGPA,2020-04-29,"13,732.43"
IGPA,2020-04-30,"13,613.69"
IGPA,2020-05-04,"13,240.68"
IGPA,2020-05-05,"13,460.16"
IGPA,2020-05-06,"13,566.87"
IGPA,2020-05-07,"13,659.95"
IGPA,2020-05-08,"13,105.38"
IGPA,2020-05-11,"13,077.35"
IGPA,2020-05-12,"12,844.49"
IGPA,2020-05-13,"12,402.87"
IGPA,2020-05-14,"12,502.57"
IGPA,2020-05-15,"12,433.41"
IGPA,2020-05-18,"12,885.39"
IGPA,2020-05-19,"12,799.15"
IGPA,2020-05-20,"12,896.25"
IGPA,2020-05-22,"12,760.67"
IGPA,2020-05-25,"12,734.73"
IGPA,2020-05-26,"12,681.59"
IGPA,2020-05-27,"12,767.72"
IGPA,2020-05-28,"12,442.76"
IGPA,2020-05-29,"12,379.58"
IGPA,2020-06-01,"12,483.11"
IGPA,2020-06-02,"12,694.55"
IGPA,2020-06-03,"12,969.93"
IGPA,2020-06-04,"13,148.14"
IGPA,2020-06-05,"13,628.83"
BVQ,2020-01-02,"1,408.81"
BVQ,2020-01-03,"1,409.77"
BVQ,2020-01-06,"1,410.73"
BVQ,2020-01-07,"1,410.73"
BVQ,2020-01-08,"1,423.63"
BVQ,2020-01-09,"1,426.50"
BVQ,2020-01-10,"1,426.50"
BVQ,2020-01-13,"1,414.10"
BVQ,2020-01-14,"1,424.58"
BVQ,2020-01-15,"1,412.68"
BVQ,2020-01-16,"1,412.81"
BVQ,2020-01-17,"1,412.81"
BVQ,2020-01-20,"1,402.91"
BVQ,2020-01-21,"1,394.05"
BVQ,2020-01-22,"1,395.97"
BVQ,2020-01-23,"1,382.44"
BVQ,2020-01-24,"1,386.25"
BVQ,2020-01-27,"1,387.65"
BVQ,2020-01-28,"1,383.63"
BVQ,2020-01-29,"1,383.63"
BVQ,2020-01-30,"1,383.63"
BVQ,2020-01-31,"1,383.63"
BVQ,2020-02-03,"1,383.63"
BVQ,2020-02-04,"1,382.68"
BVQ,2020-02-05,"1,383.63"
BVQ,2020-02-06,"1,380.64"
BVQ,2020-02-07,"1,379.86"
BVQ,2020-02-10,"1,382.64"
BVQ,2020-02-11,"1,411.36"
BVQ,2020-02-12,"1,411.36"
BVQ,2020-02-13,"1,410.41"
BVQ,2020-02-14,"1,411.71"
BVQ,2020-02-17,"1,411.71"
BVQ,2020-02-18,"1,388.21"
BVQ,2020-02-19,"1,387.26"
BVQ,2020-02-20,"1,385.82"
BVQ,2020-02-21,"1,385.82"
BVQ,2020-02-26,"1,385.82"
BVQ,2020-02-27,"1,403.39"
BVQ,2020-02-28,"1,403.39"
BVQ,2020-03-02,"1,403.98"
BVQ,2020-03-03,"1,392.34"
BVQ,2020-03-04,"1,388.75"
BVQ,2020-03-05,"1,389.70"
BVQ,2020-03-06,"1,395.55"
BVQ,2020-03-09,"1,396.51"
BVQ,2020-03-10,"1,393.52"
BVQ,2020-03-11,"1,395.42"
BVQ,2020-03-12,"1,394.47"
BVQ,2020-03-13,"1,404.11"
BVQ,2020-03-16,"1,404.11"
BVQ,2020-03-17,"1,404.11"
BVQ,2020-03-18,"1,403.19"
BVQ,2020-03-19,"1,402.28"
BVQ,2020-03-20,"1,402.28"
BVQ,2020-03-23,"1,400.45"
BVQ,2020-03-24,"1,402.28"
BVQ,2020-03-25,"1,401.36"
BVQ,2020-03-26,"1,401.36"
BVQ,2020-03-27,"1,401.36"
BVQ,2020-03-30,"1,401.36"
BVQ,2020-03-31,"1,400.45"
BVQ,2020-04-01,"1,400.22"
BVQ,2020-04-02,"1,394.73"
BVQ,2020-04-03,"1,397.48"
BVQ,2020-04-06,"1,397.48"
BVQ,2020-04-07,"1,390.16"
BVQ,2020-04-08,"1,387.29"
BVQ,2020-04-09,"1,387.29"
BVQ,2020-04-13,"1,387.29"
BVQ,2020-04-14,"1,387.29"
BVQ,2020-04-15,"1,387.29"
BVQ,2020-04-16,"1,390.03"
BVQ,2020-04-17,"1,390.03"
BVQ,2020-04-20,"1,387.29"
BVQ,2020-04-21,"1,390.03"
BVQ,2020-04-22,"1,383.95"
BVQ,2020-04-23,"1,383.95"
BVQ,2020-04-24,"1,383.95"
BVQ,2020-04-27,"1,383.95"
BVQ,2020-04-28,"1,383.03"
BVQ,2020-04-29,"1,383.95"
BVQ,2020-04-30,"1,383.95"
BVQ,2020-05-04,"1,383.95"
BVQ,2020-05-05,"1,383.95"
BVQ,2020-05-06,"1,384.86"
BVQ,2020-05-07,"1,384.86"
BVQ,2020-05-08,"1,384.86"
BVQ,2020-05-11,"1,384.86"
BVQ,2020-05-12,"1,384.86"
BVQ,2020-05-13,"1,385.78"
BVQ,2020-05-14,"1,385.78"
BVQ,2020-05-15,"1,384.86"
BVQ,2020-05-18,"1,384.47"
BVQ,2020-05-19,"1,384.95"
BVQ,2020-05-20,"1,384.95"
BVQ,2020-05-21,"1,384.47"
BVQ,2020-05-22,"1,385.45"
BVQ,2020-05-26,"1,383.63"
BVQ,2020-05-27,"1,383.62"
BVQ,2020-05-28,"1,385.45"
BVQ,2020-05-29,"1,385.45"
BVQ,2020-06-01,"1,384.02"
BVQ,2020-06-02,"1,381.28"
BVQ,2020-06-03,"1,384.02"
BVQ,2020-06-04,"1,384.02"
BET,2020-01-03,"9,921.59"
BET,2020-01-06,"9,865.83"
BET,2020-01-07,"9,885.48"
BET,2020-01-08,"9,856.93"
BET,2020-01-09,"9,939.58"
BET,2020-01-10,"9,952.83"
BET,2020-01-13,"10,023.95"
BET,2020-01-14,"10,035.47"
BET,2020-01-15,"10,082.00"
BET,2020-01-16,"10,074.80"
BET,2020-01-17,"10,087.42"
BET,2020-01-20,"10,095.26"
BET,2020-01-21,"10,096.29"
BET,2020-01-22,"10,131.77"
BET,2020-01-23,"10,219.75"
BET,2020-01-27,"10,105.37"
BET,2020-01-28,"10,091.08"
BET,2020-01-29,"10,050.70"
BET,2020-01-30,"9,949.55"
BET,2020-01-31,"10,027.88"
BET,2020-02-03,"9,958.13"
BET,2020-02-04,"9,965.56"
BET,2020-02-05,"10,035.73"
BET,2020-02-06,"10,107.38"
BET,2020-02-07,"10,025.59"
BET,2020-02-10,"10,012.30"
BET,2020-02-11,"10,006.05"
BET,2020-02-12,"10,000.18"
BET,2020-02-13,"10,095.99"
BET,2020-02-14,"10,099.82"
BET,2020-02-17,"10,108.05"
BET,2020-02-18,"10,138.11"
BET,2020-02-19,"10,204.97"
BET,2020-02-20,"10,144.16"
BET,2020-02-21,"10,097.21"
BET,2020-02-24,"9,849.05"
BET,2020-02-25,"9,779.14"
BET,2020-02-26,"9,704.82"
BET,2020-02-27,"9,562.63"
BET,2020-02-28,"9,121.27"
BET,2020-03-02,"9,452.51"
BET,2020-03-03,"9,693.05"
BET,2020-03-04,"9,766.69"
BET,2020-03-05,"9,594.01"
BET,2020-03-06,"9,445.03"
BET,2020-03-09,"8,733.96"
BET,2020-03-10,"8,722.11"
BET,2020-03-11,"8,381.47"
BET,2020-03-12,"7,950.02"
BET,2020-03-13,"7,882.19"
BET,2020-03-16,"7,126.73"
BET,2020-03-17,"7,561.99"
BET,2020-03-18,"7,292.72"
BET,2020-03-19,"7,384.75"
BET,2020-03-20,"7,347.75"
BET,2020-03-23,"7,038.95"
BET,2020-03-24,"7,472.17"
BET,2020-03-25,"7,621.00"
BET,2020-03-26,"7,622.75"
BET,2020-03-27,"7,528.93"
BET,2020-03-30,"7,483.17"
BET,2020-03-31,"7,625.38"
BET,2020-04-01,"7,425.44"
BET,2020-04-02,"7,548.64"
BET,2020-04-03,"7,525.60"
BET,2020-04-06,"7,706.49"
BET,2020-04-07,"8,020.15"
BET,2020-04-08,"8,000.10"
BET,2020-04-09,"8,129.50"
BET,2020-04-10,"8,349.93"
BET,2020-04-13,"8,302.45"
BET,2020-04-14,"8,296.19"
BET,2020-04-15,"7,964.04"
BET,2020-04-16,"7,935.06"
BET,2020-04-21,"7,721.93"
BET,2020-04-22,"7,843.37"
BET,2020-04-23,"7,921.89"
BET,2020-04-24,"7,917.72"
BET,2020-04-27,"8,019.11"
BET,2020-04-28,"8,191.09"
BET,2020-04-29,"8,274.76"
BET,2020-04-30,"7,978.64"
BET,2020-05-04,"7,992.41"
BET,2020-05-05,"8,090.58"
BET,2020-05-06,"8,106.93"
BET,2020-05-07,"8,192.20"
BET,2020-05-08,"8,381.20"
BET,2020-05-11,"8,406.04"
BET,2020-05-12,"8,408.11"
BET,2020-05-13,"8,229.08"
BET,2020-05-14,"8,143.54"
BET,2020-05-15,"8,174.10"
BET,2020-05-18,"8,298.02"
BET,2020-05-19,"8,383.11"
BET,2020-05-20,"8,419.75"
BET,2020-05-21,"8,582.18"
BET,2020-05-22,"8,592.48"
BET,2020-05-25,"8,688.36"
BET,2020-05-26,"8,705.75"
BET,2020-05-27,"8,732.22"
BET,2020-05-28,"8,768.80"
BET,2020-05-29,"8,701.29"
BET,2020-06-02,"8,814.37"
BET,2020-06-03,"8,981.80"
BET,2020-06-04,"9,021.60"
BUX,2020-01-02,"46,230.22"
BUX,2020-01-03,"46,141.22"
BUX,2020-01-06,"44,658.76"
BUX,2020-01-07,"44,490.80"
BUX,2020-01-08,"44,932.18"
BUX,2020-01-09,"45,493.15"
BUX,2020-01-10,"45,364.14"
BUX,2020-01-13,"45,447.52"
BUX,2020-01-14,"44,960.31"
BUX,2020-01-15,"44,565.03"
BUX,2020-01-16,"44,350.39"
BUX,2020-01-17,"44,422.81"
BUX,2020-01-20,"44,470.93"
BUX,2020-01-21,"44,132.00"
BUX,2020-01-22,"44,597.05"
BUX,2020-01-23,"44,823.28"
BUX,2020-01-24,"44,515.97"
BUX,2020-01-27,"43,929.17"
BUX,2020-01-28,"43,675.50"
BUX,2020-01-29,"43,431.30"
BUX,2020-01-30,"43,501.99"
BUX,2020-01-31,"43,072.08"
BUX,2020-02-03,"43,390.81"
BUX,2020-02-04,"43,864.82"
BUX,2020-02-05,"44,020.03"
BUX,2020-02-06,"44,127.99"
BUX,2020-02-07,"44,486.92"
BUX,2020-02-10,"44,538.59"
BUX,2020-02-11,"44,559.95"
BUX,2020-02-12,"44,482.40"
BUX,2020-02-13,"44,629.51"
BUX,2020-02-14,"44,905.98"
BUX,2020-02-17,"45,338.26"
BUX,2020-02-18,"45,547.15"
BUX,2020-02-19,"46,182.09"
BUX,2020-02-20,"45,792.07"
BUX,2020-02-21,"45,781.35"
BUX,2020-02-24,"44,381.32"
BUX,2020-02-25,"43,075.07"
BUX,2020-02-26,"43,521.91"
BUX,2020-02-27,"42,679.40"
BUX,2020-02-28,"40,229.64"
BUX,2020-03-02,"41,537.20"
BUX,2020-03-03,"43,301.39"
BUX,2020-03-04,"43,327.92"
BUX,2020-03-05,"42,607.98"
BUX,2020-03-06,"41,185.29"
BUX,2020-03-09,"38,075.83"
BUX,2020-03-10,"38,380.60"
BUX,2020-03-11,"36,536.24"
BUX,2020-03-12,"32,317.89"
BUX,2020-03-13,"34,189.09"
BUX,2020-03-16,"32,304.48"
BUX,2020-03-17,"31,525.60"
BUX,2020-03-18,"29,464.28"
BUX,2020-03-19,"29,494.19"
BUX,2020-03-20,"30,959.94"
BUX,2020-03-23,"30,848.56"
BUX,2020-03-24,"32,614.56"
BUX,2020-03-25,"32,690.45"
BUX,2020-03-26,"32,994.30"
BUX,2020-03-27,"32,065.14"
BUX,2020-03-30,"31,985.33"
BUX,2020-03-31,"33,134.87"
BUX,2020-04-01,"32,361.34"
BUX,2020-04-02,"32,591.95"
BUX,2020-04-03,"32,265.92"
BUX,2020-04-06,"32,858.75"
BUX,2020-04-07,"32,715.70"
BUX,2020-04-08,"32,863.79"
BUX,2020-04-09,"33,761.87"
BUX,2020-04-14,"33,849.13"
BUX,2020-04-15,"32,710.55"
BUX,2020-04-16,"32,217.99"
BUX,2020-04-17,"33,173.40"
BUX,2020-04-20,"32,927.47"
BUX,2020-04-21,"31,582.31"
BUX,2020-04-22,"32,328.27"
BUX,2020-04-23,"32,805.50"
BUX,2020-04-24,"32,964.67"
BUX,2020-04-27,"33,196.85"
BUX,2020-04-28,"33,808.22"
BUX,2020-04-29,"34,815.09"
BUX,2020-04-30,"35,180.90"
BUX,2020-05-04,"34,576.84"
BUX,2020-05-05,"34,604.44"
BUX,2020-05-06,"34,557.17"
BUX,2020-05-07,"34,613.57"
BUX,2020-05-08,"34,796.13"
BUX,2020-05-11,"34,908.12"
BUX,2020-05-12,"35,143.13"
BUX,2020-05-13,"34,518.75"
BUX,2020-05-14,"34,144.57"
BUX,2020-05-15,"34,046.13"
BUX,2020-05-18,"35,307.51"
BUX,2020-05-19,"35,452.21"
BUX,2020-05-20,"35,635.52"
BUX,2020-05-21,"35,494.52"
BUX,2020-05-22,"35,050.92"
BUX,2020-05-25,"35,210.60"
BUX,2020-05-26,"36,085.77"
BUX,2020-05-27,"36,346.09"
BUX,2020-05-28,"36,340.47"
BUX,2020-05-29,"35,875.71"
BUX,2020-06-02,"35,967.41"
BUX,2020-06-03,"37,317.04"
BUX,2020-06-04,"37,260.06"
BUX,2020-06-05,"37,985.66"
PX,2020-01-02,"1,123.91"
PX,2020-01-03,"1,121.44"
PX,2020-01-06,"1,118.43"
PX,2020-01-07,"1,117.64"
PX,2020-01-08,"1,118.22"
PX,2020-01-09,"1,126.66"
PX,2020-01-10,"1,133.67"
PX,2020-01-13,"1,137.41"
PX,2020-01-14,"1,139.10"
PX,2020-01-15,"1,133.09"
PX,2020-01-16,"1,133.26"
PX,2020-01-17,"1,132.99"
PX,2020-01-20,"1,131.45"
PX,2020-01-21,"1,130.12"
PX,2020-01-22,"1,140.48"
PX,2020-01-23,"1,135.40"
PX,2020-01-24,"1,142.95"
PX,2020-01-27,"1,131.58"
PX,2020-01-28,"1,107.47"
PX,2020-01-29,"1,097.59"
PX,2020-01-30,"1,074.39"
PX,2020-01-31,"1,072.46"
PX,2020-02-03,"1,085.15"
PX,2020-02-04,"1,090.21"
PX,2020-02-05,"1,103.37"
PX,2020-02-06,"1,114.60"
PX,2020-02-07,"1,110.72"
PX,2020-02-10,"1,111.12"
PX,2020-02-11,"1,107.19"
PX,2020-02-12,"1,102.94"
PX,2020-02-13,"1,104.10"
PX,2020-02-14,"1,102.93"
PX,2020-02-17,"1,097.45"
PX,2020-02-18,"1,096.92"
PX,2020-02-19,"1,104.21"
PX,2020-02-20,"1,097.16"
PX,2020-02-21,"1,089.32"
PX,2020-02-24,"1,058.69"
PX,2020-02-25,"1,041.44"
PX,2020-02-26,"1,032.25"
PX,2020-02-27,"1,002.24"
PX,2020-02-28,977.11
PX,2020-03-02,985.13
PX,2020-03-03,"1,011.53"
PX,2020-03-04,"1,007.24"
PX,2020-03-05,990.66
PX,2020-03-06,962.89
PX,2020-03-09,913.47
PX,2020-03-10,912.76
PX,2020-03-11,885.10
PX,2020-03-12,815.74
PX,2020-03-13,825.15
PX,2020-03-16,761.12
PX,2020-03-17,738.23
PX,2020-03-18,690.37
PX,2020-03-19,709.15
PX,2020-03-20,738.80
PX,2020-03-23,738.28
PX,2020-03-24,794.74
PX,2020-03-25,807.65
PX,2020-03-26,801.57
PX,2020-03-27,781.23
PX,2020-03-30,770.44
PX,2020-03-31,789.88
PX,2020-04-01,770.67
PX,2020-04-02,780.85
PX,2020-04-03,774.34
PX,2020-04-06,807.95
PX,2020-04-07,820.33
PX,2020-04-08,827.66
PX,2020-04-09,840.08
PX,2020-04-14,851.56
PX,2020-04-15,825.11
PX,2020-04-16,844.46
PX,2020-04-17,851.36
PX,2020-04-20,846.68
PX,2020-04-21,830.16
PX,2020-04-22,834.31
PX,2020-04-23,855.19
PX,2020-04-24,851.91
PX,2020-04-27,859.33
PX,2020-04-28,867.16
PX,2020-04-29,883.95
PX,2020-04-30,873.17
PX,2020-05-04,862.95
PX,2020-05-05,876.32
PX,2020-05-06,872.71
PX,2020-05-07,881.34
PX,2020-05-11,885.94
PX,2020-05-12,890.61
PX,2020-05-13,881.67
PX,2020-05-14,858.96
PX,2020-05-15,867.44
PX,2020-05-18,878.65
PX,2020-05-19,868.92
PX,2020-05-20,878.57
PX,2020-05-21,869.69
PX,2020-05-22,877.01
PX,2020-05-25,882.00
PX,2020-05-26,901.15
PX,2020-05-27,907.14
PX,2020-05-28,901.62
PX,2020-05-29,895.52
PX,2020-06-01,907.62
PX,2020-06-02,921.82
PX,2020-06-03,927.53
PX,2020-06-04,932.42
PX,2020-06-05,957.55
RTS,2020-01-03,"1,564.18"
RTS,2020-01-06,"1,568.35"
RTS,2020-01-08,"1,589.08"
RTS,2020-01-09,"1,601.74"
RTS,2020-01-10,"1,614.69"
RTS,2020-01-13,"1,619.73"
RTS,2020-01-14,"1,604.96"
RTS,2020-01-15,"1,602.29"
RTS,2020-01-16,"1,612.72"
RTS,2020-01-17,"1,637.75"
RTS,2020-01-20,"1,646.60"
RTS,2020-01-21,"1,634.32"
RTS,2020-01-22,"1,612.87"
RTS,2020-01-23,"1,596.11"
RTS,2020-01-24,"1,599.82"
RTS,2020-01-27,"1,541.90"
RTS,2020-01-28,"1,572.23"
RTS,2020-01-29,"1,570.65"
RTS,2020-01-30,"1,544.55"
RTS,2020-01-31,"1,517.07"
RTS,2020-02-03,"1,521.16"
RTS,2020-02-04,"1,547.19"
RTS,2020-02-05,"1,560.48"
RTS,2020-02-06,"1,539.42"
RTS,2020-02-07,"1,518.23"
RTS,2020-02-10,"1,503.95"
RTS,2020-02-11,"1,539.56"
RTS,2020-02-12,"1,557.44"
RTS,2020-02-13,"1,543.50"
RTS,2020-02-14,"1,534.89"
RTS,2020-02-17,"1,543.25"
RTS,2020-02-18,"1,515.54"
RTS,2020-02-19,"1,542.08"
RTS,2020-02-20,"1,535.81"
RTS,2020-02-21,"1,524.71"
RTS,2020-02-25,"1,446.11"
RTS,2020-02-26,"1,461.22"
RTS,2020-02-27,"1,386.20"
RTS,2020-02-28,"1,299.69"
RTS,2020-03-02,"1,303.47"
RTS,2020-03-03,"1,358.03"
RTS,2020-03-04,"1,348.19"
RTS,2020-03-05,"1,323.82"
RTS,2020-03-06,"1,257.96"
RTS,2020-03-10,"1,094.18"
RTS,2020-03-11,"1,086.18"
RTS,2020-03-12,966.40
RTS,2020-03-13,991.69
RTS,2020-03-16,966.93
RTS,2020-03-17,934.66
RTS,2020-03-18,832.26
RTS,2020-03-19,902.63
RTS,2020-03-20,924.22
RTS,2020-03-23,883.78
RTS,2020-03-24,965.32
RTS,2020-03-25,981.69
RTS,2020-03-26,"1,017.03"
RTS,2020-03-27,955.34
RTS,2020-03-30,958.54
RTS,2020-03-31,"1,014.44"
RTS,2020-04-01,987.75
RTS,2020-04-02,"1,034.06"
RTS,2020-04-03,"1,049.88"
RTS,2020-04-06,"1,083.43"
RTS,2020-04-07,"1,099.76"
RTS,2020-04-08,"1,114.60"
RTS,2020-04-09,"1,155.49"
RTS,2020-04-10,"1,142.07"
RTS,2020-04-13,"1,124.97"
RTS,2020-04-14,"1,133.23"
RTS,2020-04-15,"1,046.88"
RTS,2020-04-16,"1,066.91"
RTS,2020-04-17,"1,078.69"
RTS,2020-04-20,"1,068.32"
RTS,2020-04-21,"1,012.15"
RTS,2020-04-22,"1,066.01"
RTS,2020-04-23,"1,099.67"
RTS,2020-04-24,"1,081.32"
RTS,2020-04-27,"1,083.68"
RTS,2020-04-28,"1,109.60"
RTS,2020-04-29,"1,144.64"
RTS,2020-04-30,"1,125.03"
RTS,2020-05-04,"1,099.42"
RTS,2020-05-05,"1,133.16"
RTS,2020-05-06,"1,111.43"
RTS,2020-05-07,"1,126.48"
RTS,2020-05-08,"1,136.34"
RTS,2020-05-12,"1,137.28"
RTS,2020-05-13,"1,110.37"
RTS,2020-05-14,"1,102.98"
RTS,2020-05-15,"1,107.49"
RTS,2020-05-18,"1,167.88"
RTS,2020-05-19,"1,177.24"
RTS,2020-05-20,"1,225.47"
RTS,2020-05-21,"1,206.28"
RTS,2020-05-22,"1,188.47"
RTS,2020-05-25,"1,213.41"
RTS,2020-05-26,"1,224.99"
RTS,2020-05-27,"1,212.20"
RTS,2020-05-28,"1,241.77"
RTS,2020-05-29,"1,219.76"
RTS,2020-06-01,"1,247.61"
RTS,2020-06-02,"1,277.85"
RTS,2020-06-03,"1,301.88"
RTS,2020-06-04,"1,257.31"
RTS,2020-06-05,"1,285.78"
RTX USD,2020-01-03,"2,288.84"
RTX USD,2020-01-06,"2,295.50"
RTX USD,2020-01-08,"2,332.54"
RTX USD,2020-01-09,"2,346.03"
RTX USD,2020-01-10,"2,358.64"
RTX USD,2020-01-13,"2,366.66"
RTX USD,2020-01-14,"2,338.06"
RTX USD,2020-01-15,"2,335.37"
RTX USD,2020-01-16,"2,355.39"
RTX USD,2020-01-17,"2,387.75"
RTX USD,2020-01-20,"2,398.85"
RTX USD,2020-01-21,"2,387.44"
RTX USD,2020-01-22,"2,350.66"
RTX USD,2020-01-23,"2,318.59"
RTX USD,2020-01-24,"2,323.26"
RTX USD,2020-01-27,"2,233.57"
RTX USD,2020-01-28,"2,276.42"
RTX USD,2020-01-29,"2,272.80"
RTX USD,2020-01-30,"2,218.92"
RTX USD,2020-01-31,"2,179.90"
RTX USD,2020-02-03,"2,191.03"
RTX USD,2020-02-04,"2,224.16"
RTX USD,2020-02-05,"2,239.79"
RTX USD,2020-02-06,"2,202.46"
RTX USD,2020-02-07,"2,164.22"
RTX USD,2020-02-10,"2,136.62"
RTX USD,2020-02-11,"2,193.73"
RTX USD,2020-02-12,"2,222.41"
RTX USD,2020-02-13,"2,195.75"
RTX USD,2020-02-14,"2,184.04"
RTX USD,2020-02-17,"2,200.30"
RTX USD,2020-02-18,"2,158.94"
RTX USD,2020-02-19,"2,203.06"
RTX USD,2020-02-20,"2,193.87"
RTX USD,2020-02-21,"2,172.03"
RTX USD,2020-02-25,"2,058.67"
RTX USD,2020-02-26,"2,085.07"
RTX USD,2020-02-27,"1,975.65"
RTX USD,2020-02-28,"1,856.21"
RTX USD,2020-03-02,"1,843.83"
RTX USD,2020-03-03,"1,930.39"
RTX USD,2020-03-04,"1,919.59"
RTX USD,2020-03-05,"1,880.30"
RTX USD,2020-03-06,"1,779.79"
RTX USD,2020-03-10,"1,504.81"
RTX USD,2020-03-11,"1,492.40"
RTX USD,2020-03-12,"1,315.83"
RTX USD,2020-03-13,"1,360.73"
RTX USD,2020-03-16,"1,330.54"
RTX USD,2020-03-17,"1,274.46"
RTX USD,2020-03-18,"1,120.32"
RTX USD,2020-03-19,"1,237.49"
RTX USD,2020-03-20,"1,273.99"
RTX USD,2020-03-23,"1,217.05"
RTX USD,2020-03-24,"1,336.46"
RTX USD,2020-03-25,"1,359.36"
RTX USD,2020-03-26,"1,410.20"
RTX USD,2020-03-27,"1,311.16"
RTX USD,2020-03-30,"1,311.76"
RTX USD,2020-03-31,"1,383.57"
RTX USD,2020-04-01,"1,353.47"
RTX USD,2020-04-02,"1,426.29"
RTX USD,2020-04-03,"1,459.91"
RTX USD,2020-04-06,"1,495.42"
RTX USD,2020-04-07,"1,516.43"
RTX USD,2020-04-08,"1,538.04"
RTX USD,2020-04-09,"1,612.01"
RTX USD,2020-04-10,"1,581.67"
RTX USD,2020-04-13,"1,554.00"
RTX USD,2020-04-14,"1,561.23"
RTX USD,2020-04-15,"1,430.90"
RTX USD,2020-04-16,"1,449.15"
RTX USD,2020-04-17,"1,469.38"
RTX USD,2020-04-20,"1,450.17"
RTX USD,2020-04-21,"1,378.62"
RTX USD,2020-04-22,"1,451.73"
RTX USD,2020-04-23,"1,503.70"
RTX USD,2020-04-24,"1,476.81"
RTX USD,2020-04-27,"1,474.98"
RTX USD,2020-04-28,"1,503.98"
RTX USD,2020-04-29,"1,564.05"
RTX USD,2020-04-30,"1,538.14"
RTX USD,2020-05-04,"1,495.03"
RTX USD,2020-05-05,"1,543.42"
RTX USD,2020-05-06,"1,516.17"
RTX USD,2020-05-07,"1,524.68"
RTX USD,2020-05-08,"1,543.45"
RTX USD,2020-05-12,"1,550.56"
RTX USD,2020-05-13,"1,512.68"
RTX USD,2020-05-14,"1,499.87"
RTX USD,2020-05-15,"1,504.02"
RTX USD,2020-05-18,"1,598.23"
RTX USD,2020-05-19,"1,621.73"
RTX USD,2020-05-20,"1,692.36"
RTX USD,2020-05-21,"1,662.67"
RTX USD,2020-05-22,"1,631.30"
RTX USD,2020-05-25,"1,662.34"
RTX USD,2020-05-26,"1,687.93"
RTX USD,2020-05-27,"1,664.67"
RTX USD,2020-05-28,"1,707.84"
RTX USD,2020-05-29,"1,677.96"
RTX USD,2020-06-01,"1,719.26"
RTX USD,2020-06-02,"1,770.64"
RTX USD,2020-06-03,"1,805.03"
RTX USD,2020-06-04,"1,739.28"
RTX USD,2020-06-05,"1,782.67"
SAX,2020-01-02,350.31
SAX,2020-01-03,350.31
SAX,2020-01-07,345.78
SAX,2020-01-08,346.24
SAX,2020-01-09,346.24
SAX,2020-01-10,347.07
SAX,2020-01-13,347.07
SAX,2020-01-14,344.04
SAX,2020-01-15,344.54
SAX,2020-01-16,344.54
SAX,2020-01-17,346.21
SAX,2020-01-20,348.46
SAX,2020-01-21,348.46
SAX,2020-01-22,355.52
SAX,2020-01-23,349.89
SAX,2020-01-24,352.96
SAX,2020-01-27,349.06
SAX,2020-01-28,351.22
SAX,2020-01-29,347.71
SAX,2020-01-30,353.95
SAX,2020-01-31,353.95
SAX,2020-02-03,347.30
SAX,2020-02-04,347.30
SAX,2020-02-05,348.96
SAX,2020-02-06,355.12
SAX,2020-02-07,353.97
SAX,2020-02-10,350.53
SAX,2020-02-11,351.84
SAX,2020-02-12,355.48
SAX,2020-02-13,353.64
SAX,2020-02-14,354.48
SAX,2020-02-17,356.32
SAX,2020-02-18,356.13
SAX,2020-02-19,356.13
SAX,2020-02-20,356.13
SAX,2020-02-21,354.29
SAX,2020-02-24,354.29
SAX,2020-02-25,354.29
SAX,2020-02-26,354.29
SAX,2020-02-27,357.98
SAX,2020-02-28,357.52
SAX,2020-03-02,357.09
SAX,2020-03-03,352.91
SAX,2020-03-04,352.91
SAX,2020-03-05,354.03
SAX,2020-03-06,353.60
SAX,2020-03-09,352.26
SAX,2020-03-10,350.57
SAX,2020-03-11,348.46
SAX,2020-03-12,344.24
SAX,2020-03-13,335.87
SAX,2020-03-16,337.98
SAX,2020-03-17,327.31
SAX,2020-03-18,325.20
SAX,2020-03-19,326.08
SAX,2020-03-20,326.08
SAX,2020-03-23,321.97
SAX,2020-03-24,315.66
SAX,2020-03-25,317.77
SAX,2020-03-26,319.61
SAX,2020-03-27,327.64
SAX,2020-03-30,330.17
SAX,2020-03-31,324.76
SAX,2020-04-01,326.02
SAX,2020-04-02,326.02
SAX,2020-04-03,324.33
SAX,2020-04-06,322.45
SAX,2020-04-07,324.56
SAX,2020-04-08,326.49
SAX,2020-04-09,320.14
SAX,2020-04-14,327.80
SAX,2020-04-15,327.80
SAX,2020-04-16,326.95
SAX,2020-04-17,327.37
SAX,2020-04-20,326.95
SAX,2020-04-21,327.37
SAX,2020-04-22,324.57
SAX,2020-04-23,323.83
SAX,2020-04-24,324.10
SAX,2020-04-27,325.95
SAX,2020-04-28,330.18
SAX,2020-04-29,327.26
SAX,2020-04-30,327.26
SAX,2020-05-04,327.26
SAX,2020-05-05,329.57
SAX,2020-05-06,329.57
SAX,2020-05-07,329.57
SAX,2020-05-11,330.30
SAX,2020-05-12,330.30
SAX,2020-05-13,330.30
SAX,2020-05-14,330.30
SAX,2020-05-15,336.00
SAX,2020-05-18,329.19
SAX,2020-05-19,343.66
SAX,2020-05-20,341.54
SAX,2020-05-21,357.54
SAX,2020-05-22,357.07
SAX,2020-05-25,358.34
SAX,2020-05-26,358.34
SAX,2020-05-27,361.31
SAX,2020-05-28,361.31
SAX,2020-05-29,360.88
SAX,2020-06-01,359.61
SAX,2020-06-02,359.15
SAX,2020-06-03,362.38
SAX,2020-06-04,356.38
SAX,2020-06-05,358.46
EGX30,2020-01-02,"13,899.54"
EGX30,2020-01-05,"13,283.66"
EGX30,2020-01-06,"13,212.66"
EGX30,2020-01-08,"13,542.48"
EGX30,2020-01-09,"13,729.81"
EGX30,2020-01-12,"13,802.57"
EGX30,2020-01-13,"13,698.64"
EGX30,2020-01-14,"13,756.64"
EGX30,2020-01-15,"13,769.64"
EGX30,2020-01-16,"13,824.16"
EGX30,2020-01-19,"13,918.18"
EGX30,2020-01-20,"13,773.73"
EGX30,2020-01-21,"13,639.72"
EGX30,2020-01-22,"13,752.11"
EGX30,2020-01-23,"13,728.09"
EGX30,2020-01-26,"13,721.45"
EGX30,2020-01-27,"13,639.69"
EGX30,2020-01-28,"13,620.58"
EGX30,2020-01-29,"13,762.84"
EGX30,2020-01-30,"13,918.84"
EGX30,2020-02-02,"13,888.89"
EGX30,2020-02-03,"13,878.33"
EGX30,2020-02-04,"13,915.05"
EGX30,2020-02-05,"13,987.16"
EGX30,2020-02-06,"14,105.86"
EGX30,2020-02-09,"14,108.24"
EGX30,2020-02-10,"13,979.36"
EGX30,2020-02-11,"14,009.32"
EGX30,2020-02-12,"13,845.16"
EGX30,2020-02-13,"13,859.45"
EGX30,2020-02-16,"13,737.40"
EGX30,2020-02-17,"13,800.25"
EGX30,2020-02-18,"13,636.93"
EGX30,2020-02-19,"13,694.99"
EGX30,2020-02-20,"13,720.65"
EGX30,2020-02-23,"13,688.05"
EGX30,2020-02-24,"13,441.86"
EGX30,2020-02-25,"13,328.26"
EGX30,2020-02-26,"13,200.66"
EGX30,2020-02-27,"13,008.94"
EGX30,2020-03-01,"12,222.59"
EGX30,2020-03-02,"12,289.87"
EGX30,2020-03-03,"12,419.52"
EGX30,2020-03-04,"12,182.46"
EGX30,2020-03-05,"12,347.65"
EGX30,2020-03-08,"11,849.39"
EGX30,2020-03-09,"10,983.48"
EGX30,2020-03-10,"11,199.96"
EGX30,2020-03-11,"11,194.12"
EGX30,2020-03-12,"11,194.12"
EGX30,2020-03-15,"10,148.34"
EGX30,2020-03-16,"9,428.94"
EGX30,2020-03-17,"9,201.65"
EGX30,2020-03-18,"8,756.70"
EGX30,2020-03-19,"9,205.58"
EGX30,2020-03-22,"9,750.66"
EGX30,2020-03-23,"10,047.44"
EGX30,2020-03-24,"9,770.48"
EGX30,2020-03-25,"9,865.67"
EGX30,2020-03-26,"9,912.98"
EGX30,2020-03-29,"9,760.18"
EGX30,2020-03-30,"9,521.43"
EGX30,2020-03-31,"9,593.94"
EGX30,2020-04-01,"9,424.89"
EGX30,2020-04-02,"9,455.38"
EGX30,2020-04-05,"9,272.88"
EGX30,2020-04-06,"9,446.99"
EGX30,2020-04-07,"9,840.62"
EGX30,2020-04-08,"10,095.57"
EGX30,2020-04-09,"10,321.97"
EGX30,2020-04-12,"10,237.47"
EGX30,2020-04-13,"10,353.72"
EGX30,2020-04-14,"10,458.16"
EGX30,2020-04-15,"10,342.13"
EGX30,2020-04-16,"10,154.64"
EGX30,2020-04-21,"9,874.94"
EGX30,2020-04-22,"9,801.33"
EGX30,2020-04-23,"10,120.46"
EGX30,2020-04-26,"10,377.24"
EGX30,2020-04-27,"10,376.00"
EGX30,2020-04-28,"10,415.12"
EGX30,2020-04-29,"10,545.26"
EGX30,2020-04-30,"10,554.04"
EGX30,2020-05-03,"10,199.85"
EGX30,2020-05-04,"10,081.96"
EGX30,2020-05-05,"10,188.31"
EGX30,2020-05-06,"10,293.95"
EGX30,2020-05-07,"10,176.73"
EGX30,2020-05-10,"10,257.75"
EGX30,2020-05-11,"10,296.33"
EGX30,2020-05-12,"10,588.36"
EGX30,2020-05-13,"10,396.28"
EGX30,2020-05-14,"10,287.21"
EGX30,2020-05-17,"10,357.44"
EGX30,2020-05-18,"10,278.93"
EGX30,2020-05-19,"10,357.24"
EGX30,2020-05-20,"10,205.40"
EGX30,2020-05-21,"10,109.91"
EGX30,2020-05-31,"10,220.14"
EGX30,2020-06-01,"10,227.38"
EGX30,2020-06-02,"10,338.71"
EGX30,2020-06-03,"10,424.10"
EGX30,2020-06-04,"10,621.14"
KSE 100,2020-01-01,"41,400.00"
KSE 100,2020-01-02,"42,480.76"
KSE 100,2020-01-03,"42,323.30"
KSE 100,2020-01-06,"41,296.24"
KSE 100,2020-01-07,"41,904.47"
KSE 100,2020-01-08,"41,357.56"
KSE 100,2020-01-09,"42,523.07"
KSE 100,2020-01-10,"43,207.05"
KSE 100,2020-01-13,"43,218.67"
KSE 100,2020-01-14,"43,207.04"
KSE 100,2020-01-15,"42,993.03"
KSE 100,2020-01-16,"43,065.10"
KSE 100,2020-01-17,"43,167.77"
KSE 100,2020-01-20,"42,747.63"
KSE 100,2020-01-21,"42,626.48"
KSE 100,2020-01-22,"42,561.27"
KSE 100,2020-01-23,"42,506.95"
KSE 100,2020-01-24,"42,633.03"
KSE 100,2020-01-27,"42,539.23"
KSE 100,2020-01-28,"42,299.19"
KSE 100,2020-01-29,"41,898.70"
KSE 100,2020-01-30,"41,903.51"
KSE 100,2020-01-31,"41,630.94"
KSE 100,2020-02-03,"40,409.38"
KSE 100,2020-02-04,"40,884.25"
KSE 100,2020-02-06,"40,724.41"
KSE 100,2020-02-07,"40,143.63"
KSE 100,2020-02-10,"39,296.70"
KSE 100,2020-02-11,"39,714.46"
KSE 100,2020-02-12,"40,531.13"
KSE 100,2020-02-13,"40,455.44"
KSE 100,2020-02-14,"40,243.26"
KSE 100,2020-02-17,"40,276.93"
KSE 100,2020-02-18,"40,175.35"
KSE 100,2020-02-19,"40,574.52"
KSE 100,2020-02-20,"40,481.65"
KSE 100,2020-02-21,"40,249.22"
KSE 100,2020-02-24,"39,143.73"
KSE 100,2020-02-25,"38,858.45"
KSE 100,2020-02-26,"38,338.33"
KSE 100,2020-02-27,"38,087.32"
KSE 100,2020-02-28,"37,983.62"
KSE 100,2020-03-02,"39,296.30"
KSE 100,2020-03-03,"39,199.68"
KSE 100,2020-03-04,"38,906.40"
KSE 100,2020-03-05,"39,382.11"
KSE 100,2020-03-06,"38,219.67"
KSE 100,2020-03-09,"37,058.95"
KSE 100,2020-03-10,"37,695.75"
KSE 100,2020-03-11,"37,673.25"
KSE 100,2020-03-12,"35,956.69"
KSE 100,2020-03-13,"36,060.88"
KSE 100,2020-03-16,"33,684.91"
KSE 100,2020-03-17,"32,616.93"
KSE 100,2020-03-18,"30,416.05"
KSE 100,2020-03-19,"30,129.83"
KSE 100,2020-03-20,"30,667.41"
KSE 100,2020-03-24,"28,564.83"
KSE 100,2020-03-25,"27,228.80"
KSE 100,2020-03-26,"27,267.20"
KSE 100,2020-03-27,"28,109.57"
KSE 100,2020-03-30,"28,023.39"
KSE 100,2020-03-31,"29,231.63"
KSE 100,2020-04-01,"29,505.57"
KSE 100,2020-04-02,"30,782.66"
KSE 100,2020-04-03,"31,621.79"
KSE 100,2020-04-06,"30,579.15"
KSE 100,2020-04-07,"31,231.55"
KSE 100,2020-04-08,"30,971.27"
KSE 100,2020-04-09,"31,837.30"
KSE 100,2020-04-10,"32,033.20"
KSE 100,2020-04-13,"31,032.99"
KSE 100,2020-04-14,"31,222.74"
KSE 100,2020-04-15,"31,242.19"
KSE 100,2020-04-16,"31,329.46"
KSE 100,2020-04-17,"32,831.83"
KSE 100,2020-04-20,"33,499.65"
KSE 100,2020-04-21,"32,422.83"
KSE 100,2020-04-22,"32,464.23"
KSE 100,2020-04-23,"32,850.83"
KSE 100,2020-04-24,"32,806.38"
KSE 100,2020-04-27,"32,314.57"
KSE 100,2020-04-28,"32,553.39"
KSE 100,2020-04-29,"33,158.84"
KSE 100,2020-04-30,"34,111.64"
KSE 100,2020-05-04,"33,916.64"
KSE 100,2020-05-05,"33,992.75"
KSE 100,2020-05-06,"33,728.18"
KSE 100,2020-05-07,"33,304.16"
KSE 100,2020-05-08,"33,267.69"
KSE 100,2020-05-11,"33,283.79"
KSE 100,2020-05-12,"33,603.02"
KSE 100,2020-05-13,"33,693.04"
KSE 100,2020-05-14,"33,804.90"
KSE 100,2020-05-15,"34,008.33"
KSE 100,2020-05-18,"33,804.97"
KSE 100,2020-05-19,"34,158.55"
KSE 100,2020-05-20,"33,932.81"
KSE 100,2020-05-21,"33,836.61"
KSE 100,2020-05-28,"33,695.42"
KSE 100,2020-05-29,"33,931.23"
KSE 100,2020-06-01,"34,021.97"
KSE 100,2020-06-02,"34,408.05"
KSE 100,2020-06-03,"34,401.42"
KSE 100,2020-06-04,"34,119.39"
NSE 20,2020-01-02,"2,673.94"
NSE 20,2020-01-03,"2,707.90"
NSE 20,2020-01-06,"2,706.38"
NSE 20,2020-01-07,"2,671.62"
NSE 20,2020-01-08,"2,670.06"
NSE 20,2020-01-09,"2,692.40"
NSE 20,2020-01-10,"2,701.04"
NSE 20,2020-01-13,"2,692.38"
NSE 20,2020-01-14,"2,668.51"
NSE 20,2020-01-15,"2,671.80"
NSE 20,2020-01-16,"2,669.63"
NSE 20,2020-01-17,"2,669.13"
NSE 20,2020-01-20,"2,666.96"
NSE 20,2020-01-21,"2,659.23"
NSE 20,2020-01-22,"2,647.58"
NSE 20,2020-01-23,"2,642.31"
NSE 20,2020-01-24,"2,642.50"
NSE 20,2020-01-27,"2,632.48"
NSE 20,2020-01-28,"2,630.47"
NSE 20,2020-01-29,"2,603.36"
NSE 20,2020-01-30,"2,602.01"
NSE 20,2020-01-31,"2,600.41"
NSE 20,2020-02-03,"2,605.06"
NSE 20,2020-02-04,"2,601.98"
NSE 20,2020-02-05,"2,609.21"
NSE 20,2020-02-06,"2,607.89"
NSE 20,2020-02-07,"2,602.36"
NSE 20,2020-02-10,"2,594.00"
NSE 20,2020-02-12,"2,599.44"
NSE 20,2020-02-13,"2,580.20"
NSE 20,2020-02-14,"2,559.05"
NSE 20,2020-02-17,"2,551.17"
NSE 20,2020-02-18,"2,540.23"
NSE 20,2020-02-19,"2,523.35"
NSE 20,2020-02-20,"2,521.84"
NSE 20,2020-02-21,"2,498.94"
NSE 20,2020-02-24,"2,503.55"
NSE 20,2020-02-25,"2,452.05"
NSE 20,2020-02-26,"2,429.19"
NSE 20,2020-02-27,"2,409.53"
NSE 20,2020-02-28,"2,337.03"
NSE 20,2020-03-02,"2,368.13"
NSE 20,2020-03-03,"2,383.12"
NSE 20,2020-03-04,"2,402.70"
NSE 20,2020-03-05,"2,419.29"
NSE 20,2020-03-06,"2,400.56"
NSE 20,2020-03-09,"2,335.95"
NSE 20,2020-03-10,"2,311.47"
NSE 20,2020-03-11,"2,316.58"
NSE 20,2020-03-12,"2,236.81"
NSE 20,2020-03-13,"2,124.78"
NSE 20,2020-03-16,"2,057.96"
NSE 20,2020-03-17,"2,052.85"
NSE 20,2020-03-18,"2,048.87"
NSE 20,2020-03-19,"2,032.34"
NSE 20,2020-03-20,"2,025.31"
NSE 20,2020-03-23,"1,958.55"
NSE 20,2020-03-24,"1,887.17"
NSE 20,2020-03-25,"1,873.47"
NSE 20,2020-03-26,"1,891.30"
NSE 20,2020-03-27,"1,917.67"
NSE 20,2020-03-30,"1,930.75"
NSE 20,2020-03-31,"1,966.12"
NSE 20,2020-04-01,"1,967.93"
NSE 20,2020-04-02,"1,985.27"
NSE 20,2020-04-03,"2,013.19"
NSE 20,2020-04-06,"2,016.20"
NSE 20,2020-04-07,"1,982.50"
NSE 20,2020-04-08,"1,968.19"
NSE 20,2020-04-09,"1,967.13"
NSE 20,2020-04-14,"1,970.26"
NSE 20,2020-04-15,"1,984.40"
NSE 20,2020-04-16,"1,968.78"
NSE 20,2020-04-17,"1,973.82"
NSE 20,2020-04-20,"1,985.54"
NSE 20,2020-04-21,"1,994.86"
NSE 20,2020-04-22,"1,985.76"
NSE 20,2020-04-23,"1,970.79"
NSE 20,2020-04-24,"1,967.84"
NSE 20,2020-04-27,"1,957.86"
NSE 20,2020-04-28,"1,947.70"
NSE 20,2020-04-29,"1,967.19"
NSE 20,2020-04-30,"1,958.07"
NSE 20,2020-05-04,"1,990.64"
NSE 20,2020-05-05,"2,021.55"
NSE 20,2020-05-06,"2,060.11"
NSE 20,2020-05-07,"2,041.22"
NSE 20,2020-05-08,"2,034.71"
NSE 20,2020-05-11,"2,053.95"
NSE 20,2020-05-12,"2,038.99"
NSE 20,2020-05-13,"1,996.28"
NSE 20,2020-05-14,"1,970.02"
NSE 20,2020-05-15,"1,975.30"
NSE 20,2020-05-18,"1,993.90"
NSE 20,2020-05-19,"2,007.49"
NSE 20,2020-05-20,"2,009.15"
NSE 20,2020-05-21,"2,004.01"
NSE 20,2020-05-22,"2,014.88"
NSE 20,2020-05-26,"2,009.60"
NSE 20,2020-05-27,"1,976.01"
NSE 20,2020-05-28,"1,964.46"
NSE 20,2020-05-29,"1,948.08"
NSE 20,2020-06-02,"1,931.29"
NSE 20,2020-06-03,"1,936.17"
NSE 20,2020-06-04,"1,931.18"
